age,gender,income,daily_gaming_hours,weekly_sessions,years_gaming,sleep_hours,caffeine_intake,exercise_hours,stress_level,anxiety_score,depression_score,social_interaction_score,relationship_satisfaction,academic_performance,work_productivity,addiction_level,multiplayer_ratio,toxic_exposure,violent_games_ratio,mobile_gaming_ratio,night_gaming_ratio,weekend_gaming_hours,friends_gaming_count,online_friends,streaming_hours,esports_interest,headset_usage,microtransactions_spending,parental_supervision,loneliness_score,aggression_score,happiness_score,bmi,screen_time_total,eye_strain_score,back_pain_score,competitive_rank,internet_quality
51,Female,8615,3.68,22,17,5.26,1.0,0.18,3,4.06,5.02,7.85,9.55,68.8,77.12,2.02,0.39,0.05,0.51,0.23,0.32,1.5,20,186,2.82,1,1,1746.97,0,2.87,3.19,5.2,19.69,4.71,5.71,4.81,80,10
41,Female,39453,5.7,34,16,9.2,0.7,1.44,8,6.76,7.63,7.06,6.96,38.11,44.94,5.85,0.23,0.37,0.43,0.24,0.32,17.93,37,21,1.34,8,1,342.04,7,4.17,7.73,5.4,26.37,6.62,6.77,3.99,57,2
27,Male,40466,1.58,8,22,7.39,2.24,3.15,3,9.57,4.02,1.12,2.61,97.44,54.77,0.08,0.06,0.15,0.48,0.27,0.42,2.99,45,146,3.56,8,1,57.95,9,9.38,2.85,5.17,25.15,9.3,2.16,4.75,59,10
55,Male,51076,6.11,39,24,7.99,1.65,2.8,1,4.97,1.4,6.59,6.0,67.65,88.56,2.77,0.53,0.36,0.64,0.57,0.82,1.99,11,133,1.8,6,1,617.32,5,8.24,7.19,8.62,26.42,13.81,4.72,5.37,89,1
20,Male,86116,3.65,17,0,7.12,1.02,1.01,2,8.73,4.83,6.03,3.54,62.34,68.82,3.37,0.78,0.25,0.29,0.47,0.83,9.23,24,399,1.3,4,0,1398.39,9,6.65,2.53,9.71,25.75,10.74,3.9,6.44,15,10
33,Female,107013,1.97,34,19,7.51,0.09,2.33,4,2.47,4.32,6.28,9.63,80.06,82.63,1.34,0.37,0.52,0.68,0.55,0.93,3.62,19,240,1.01,9,1,876.42,3,5.57,7.82,4.39,16.61,12.66,7.87,4.56,31,4
51,Female,54483,3.15,37,3,6.42,1.13,0.78,6,5.96,0.0,3.08,1.22,73.45,72.2,2.33,0.7,0.33,0.13,0.87,0.4,2.43,26,82,0.8,7,0,119.26,9,3.32,4.31,5.58,29.69,9.57,2.72,1.59,79,4
31,Male,70054,2.61,31,0,8.45,4.8,2.59,10,5.43,3.74,3.19,3.87,89.32,54.98,0.67,0.3,0.16,0.22,0.74,0.45,2.53,40,299,1.27,9,0,1316.03,3,5.96,5.52,5.43,19.54,4.24,6.97,3.7,74,1
35,Other,39958,1.34,15,2,6.14,5.18,0.47,8,3.7,4.0,6.36,4.89,90.92,100.0,2.51,0.72,0.39,0.82,0.29,0.17,6.93,4,378,0.99,3,0,77.7,0,0.91,7.1,5.75,22.52,3.69,3.9,6.47,14,9
23,Female,19047,2.52,1,4,5.11,4.49,0.62,4,5.66,3.37,8.77,5.44,66.69,68.2,1.64,0.71,0.13,0.43,0.22,0.55,13.29,9,303,1.63,7,1,808.5,1,2.92,4.73,3.97,20.66,5.09,4.18,6.3,99,10
23,Male,21601,1.7,38,15,9.18,1.11,3.08,9,4.22,3.46,7.61,7.07,91.52,70.06,0.11,0.84,0.49,0.23,0.64,0.94,8.12,40,203,0.14,5,1,442.32,3,5.49,3.9,3.8,24.2,5.17,4.85,2.55,54,5
36,Male,128499,4.02,33,15,8.77,2.63,0.39,6,4.25,4.99,6.84,2.78,60.42,84.34,4.5,0.48,0.13,0.72,0.39,0.71,10.33,35,368,1.67,7,1,293.84,0,7.62,2.97,7.62,25.24,8.62,4.63,7.16,27,10
48,Female,142055,1.16,8,8,6.92,0.38,0.8,5,6.6,5.39,7.64,5.67,97.99,86.27,0.05,0.85,0.34,0.25,0.57,0.48,5.74,25,400,0.76,9,1,709.16,9,3.01,4.54,5.22,18.09,11.32,4.17,6.14,5,7
52,Male,120251,2.49,8,6,6.51,0.17,0.19,9,6.89,2.0,2.94,7.22,80.69,66.3,2.79,0.74,0.48,0.42,0.94,0.68,0.91,34,153,0.81,8,1,614.31,8,10.0,3.12,3.36,15.53,4.85,3.41,4.5,36,4
36,Male,51636,0.8,31,5,7.91,4.15,2.0,7,3.55,2.44,5.29,5.62,41.96,62.29,0.95,0.3,0.13,0.41,0.39,0.43,2.05,33,106,1.58,10,1,96.99,5,5.06,5.72,5.32,19.95,5.14,6.27,1.17,50,2
15,Female,137088,12.97,13,9,7.45,0.32,0.77,1,5.29,5.49,9.03,7.66,62.33,44.91,7.83,0.11,0.36,0.24,0.15,0.42,3.42,46,275,7.11,6,1,195.81,3,8.2,9.64,5.94,17.84,18.2,1.3,1.77,72,8
34,Male,70847,3.72,32,5,9.41,1.58,0.14,2,3.22,4.96,7.52,6.53,61.88,57.99,4.06,0.13,0.02,0.48,0.44,0.57,7.14,36,395,0.65,1,0,91.41,2,4.75,9.04,6.7,26.46,5.74,4.37,5.07,61,2
14,Female,51846,4.37,8,5,6.38,0.42,0.47,4,7.42,10.0,3.21,5.85,72.21,71.83,2.95,0.33,0.19,0.27,0.67,0.16,0.53,46,450,3.4,10,1,67.78,7,6.24,6.78,2.78,33.6,11.38,4.35,1.85,72,8
36,Female,72587,1.18,5,5,6.27,0.89,3.8,5,5.08,7.17,4.87,3.4,66.92,67.43,0.06,0.59,0.19,0.36,0.73,0.73,2.33,4,222,1.87,0,0,72.61,4,7.44,3.52,3.79,27.2,12.21,7.08,0.0,95,1
56,Male,117567,5.89,26,4,9.55,3.72,1.94,8,6.44,4.13,6.02,6.44,74.68,65.41,6.08,0.67,0.19,0.67,0.27,0.17,8.7,20,386,0.83,0,0,948.35,10,10.0,7.83,7.99,20.85,10.36,5.75,4.12,31,9
42,Female,39602,2.15,17,1,6.41,1.11,6.58,3,5.31,0.28,7.44,7.18,64.77,77.29,2.13,0.29,0.37,0.39,0.75,0.62,13.39,43,242,0.22,5,1,300.36,4,6.77,7.11,2.47,18.07,4.51,4.36,2.48,32,3
50,Male,46441,7.48,36,13,6.98,4.25,1.0,10,3.19,7.88,7.5,6.59,80.21,32.71,5.75,0.51,0.5,0.17,0.54,0.55,4.69,19,437,0.62,3,0,202.18,8,6.08,3.78,6.24,23.06,9.12,0.0,2.42,9,4
14,Male,35076,1.14,34,5,6.63,3.42,0.29,10,5.87,6.21,4.46,8.64,63.14,88.84,2.28,0.56,0.13,0.46,0.15,0.56,9.93,16,330,7.56,8,1,318.62,8,6.13,6.14,8.34,25.09,5.0,4.93,5.13,87,3
33,Female,76076,3.46,26,9,8.22,0.31,4.15,6,6.46,4.12,2.55,5.04,69.93,100.0,4.49,0.87,0.13,0.37,0.86,0.72,2.78,12,282,1.26,9,1,320.35,8,6.73,5.52,7.18,21.58,7.29,4.1,4.57,3,8
45,Male,32392,4.51,24,23,6.88,3.26,0.03,10,3.63,6.27,3.76,4.78,54.98,74.4,4.78,0.66,0.12,0.65,0.68,0.86,2.86,26,285,0.75,6,1,811.78,1,7.7,1.66,6.39,30.94,16.16,1.4,3.26,24,4
24,Other,109840,1.38,27,3,8.98,3.94,2.83,9,3.79,2.84,5.12,7.97,79.72,85.4,0.91,0.54,0.52,0.48,0.7,0.48,8.0,9,379,1.6,9,1,131.9,3,1.43,6.84,5.21,17.97,2.43,5.3,5.33,97,10
34,Female,56327,1.6,34,6,5.17,0.34,1.4,6,2.94,6.14,7.17,5.03,89.26,79.11,1.09,0.35,0.55,0.74,0.8,0.16,6.18,45,44,1.24,2,1,469.81,0,5.7,8.79,4.12,26.55,5.86,4.61,5.56,52,9
56,Male,84454,0.34,20,23,5.67,2.84,1.54,10,6.78,2.54,5.89,3.87,90.96,85.53,0.0,0.68,0.24,0.36,0.44,0.83,1.91,32,23,2.16,9,1,629.85,4,6.66,5.93,5.24,25.19,4.04,3.45,4.19,48,4
37,Male,74036,4.16,36,4,7.76,3.87,1.51,10,2.22,5.11,4.79,9.05,51.84,63.77,2.35,0.21,0.08,0.36,0.54,0.89,7.88,45,296,0.76,0,0,127.18,6,2.37,3.8,4.28,28.58,5.63,3.25,3.53,61,10
39,Female,141414,1.02,38,5,5.28,0.48,1.55,9,2.8,4.46,8.15,4.73,85.27,81.9,0.8,0.58,0.13,0.41,0.25,0.61,2.77,8,383,0.57,7,0,10.53,2,1.25,5.54,3.16,26.44,5.36,1.75,8.5,24,3
54,Male,90916,6.0,31,3,6.93,3.78,0.72,2,4.87,4.01,7.26,4.67,64.17,78.45,4.31,0.65,0.12,0.17,0.5,0.68,7.8,48,482,3.79,3,1,276.57,7,3.14,1.03,7.6,22.41,8.15,5.87,5.16,96,2
40,Male,84918,0.25,22,11,7.71,9.0,0.45,4,3.34,10.0,6.47,4.64,74.29,55.52,0.0,0.61,0.61,0.36,0.67,0.44,2.72,20,286,0.98,10,1,1778.56,9,5.22,5.94,5.24,18.93,10.77,8.46,3.28,25,4
28,Female,78999,0.99,29,13,5.72,0.17,0.88,7,5.03,9.5,5.75,8.8,78.19,53.77,1.96,0.54,0.2,0.37,0.59,0.64,12.79,27,166,2.29,9,1,482.14,1,2.84,5.03,4.89,25.25,1.64,7.78,3.99,11,9
27,Male,33824,2.62,16,14,8.51,0.27,0.1,10,4.75,6.18,7.69,5.38,76.17,80.75,1.72,0.23,0.33,0.36,0.42,0.84,9.55,46,426,2.25,5,0,373.49,3,5.58,4.9,7.3,25.02,6.65,8.36,4.48,34,6
59,Male,52879,6.08,21,8,6.86,1.92,0.49,8,1.28,5.65,5.97,7.88,67.34,85.72,3.13,0.26,0.29,0.28,0.09,0.5,4.28,46,236,4.4,4,1,94.06,4,4.46,6.25,9.29,26.41,9.8,3.85,5.96,16,6
56,Male,40754,5.17,18,24,6.74,0.56,1.3,6,4.9,6.61,6.83,5.8,84.62,66.71,3.08,0.15,0.12,0.17,0.3,0.41,7.89,1,444,4.24,0,0,42.71,8,3.41,7.86,4.78,24.12,7.54,2.19,6.22,31,4
15,Male,66658,1.07,31,12,6.67,0.19,6.29,7,7.6,6.77,7.92,4.88,50.11,71.11,0.0,0.42,0.5,0.87,0.51,0.61,14.03,40,177,2.22,1,1,464.78,0,6.45,2.72,6.09,24.78,4.57,2.11,5.47,96,10
49,Male,89317,7.5,12,0,8.04,0.25,2.42,2,7.35,7.04,6.1,6.33,68.94,55.06,5.38,0.19,0.1,0.28,0.74,0.54,7.31,0,60,1.55,3,0,126.08,1,5.59,5.11,5.4,22.4,9.34,3.92,2.95,17,2
19,Female,128017,8.0,32,6,5.79,8.49,6.0,3,7.64,3.98,6.59,1.61,55.89,34.71,6.25,0.89,0.38,0.43,0.65,0.73,4.75,9,216,1.68,1,1,745.56,10,5.37,5.11,3.77,26.7,11.96,3.07,3.95,22,1
33,Female,130936,1.72,35,15,6.57,0.6,0.7,5,5.69,2.17,10.0,0.95,87.82,74.05,1.57,0.6,0.19,0.32,0.64,0.87,6.45,34,149,0.8,7,0,568.89,4,4.23,4.58,6.29,30.79,6.97,4.76,1.72,24,2
21,Male,25023,6.59,6,12,6.59,2.99,1.44,1,4.92,9.55,6.29,4.73,50.85,77.94,5.67,0.6,0.28,0.22,0.37,0.49,10.56,24,281,0.43,10,0,341.02,1,5.7,5.17,8.08,22.88,7.34,3.85,6.6,0,10
51,Female,61159,4.88,9,18,4.8,2.87,3.68,1,4.26,2.9,5.08,2.3,75.28,74.59,2.76,0.31,0.14,0.37,0.32,0.74,21.17,43,316,2.95,0,0,817.23,7,4.48,4.63,9.61,28.99,16.57,5.04,0.56,63,6
30,Male,70010,4.64,26,11,5.75,0.79,1.35,9,6.89,4.24,4.92,6.2,37.43,36.85,5.2,0.68,0.18,0.12,0.57,0.78,1.45,0,443,2.38,1,0,49.62,3,3.61,4.18,5.82,18.66,9.34,6.61,4.09,51,9
16,Female,10752,2.08,1,3,6.54,8.22,0.76,9,4.14,3.92,9.5,4.3,71.69,77.15,0.71,0.71,0.12,0.22,0.45,0.79,4.35,11,13,0.52,9,1,132.89,10,6.83,5.2,6.78,19.14,4.73,8.74,1.04,44,2
37,Male,85058,6.77,21,24,4.89,2.31,3.14,10,7.32,2.53,6.64,9.89,66.53,30.66,4.32,0.53,0.14,0.37,0.59,0.59,2.49,44,340,0.75,2,1,204.9,8,6.18,5.0,6.73,15.98,9.21,7.42,2.77,52,4
26,Female,132416,4.02,23,7,10.29,3.62,0.55,8,6.87,4.5,3.24,8.27,73.05,60.52,3.45,0.47,0.12,0.54,0.4,0.82,0.95,27,56,2.08,1,0,224.24,1,0.88,2.8,3.38,29.0,9.27,4.13,6.84,81,4
21,Male,109421,7.61,39,6,5.18,0.31,0.62,8,5.3,2.45,2.33,5.58,75.82,59.01,6.45,0.95,0.66,0.23,0.49,0.85,3.37,17,71,1.16,4,0,189.88,0,4.31,6.0,4.2,29.06,11.76,3.88,1.83,42,7
38,Male,59227,2.48,3,0,6.21,2.78,5.53,1,4.28,8.11,3.32,5.49,59.96,57.99,0.64,0.69,0.44,0.26,0.42,0.34,4.77,32,347,1.86,3,1,695.48,5,5.78,3.7,5.95,26.34,4.35,3.8,0.25,74,4
14,Female,15690,1.6,34,20,7.85,0.65,0.59,10,6.51,2.19,1.36,4.71,61.36,63.68,0.31,0.74,0.14,0.38,0.63,0.63,2.74,0,425,1.02,2,0,765.21,2,8.5,6.23,4.25,23.74,10.72,4.67,3.75,14,7
32,Male,125309,3.9,18,4,7.04,0.02,0.55,7,4.96,5.67,3.28,4.7,80.05,88.98,3.47,0.51,0.22,0.74,0.46,0.69,4.16,44,44,0.44,1,0,637.56,7,6.98,6.51,3.69,20.49,4.58,1.18,2.2,70,5
40,Male,141923,3.86,23,3,5.92,0.4,0.35,8,5.67,10.0,7.23,5.48,51.82,88.55,3.62,0.84,0.18,0.59,0.83,0.59,4.99,1,88,0.26,4,1,219.41,10,6.86,5.08,6.82,20.81,4.51,5.27,2.84,15,8
59,Male,71205,2.63,23,17,6.54,8.11,3.09,7,5.68,5.9,7.29,3.57,54.32,90.24,4.86,0.21,0.29,0.34,0.93,0.43,5.96,2,75,1.36,7,0,101.09,10,4.74,6.97,9.25,23.69,3.81,4.14,4.46,69,8
19,Female,118775,11.98,1,16,9.08,2.57,0.24,8,4.2,6.0,4.52,5.76,78.61,95.13,8.38,0.84,0.21,0.13,0.62,0.39,4.76,40,81,1.95,9,0,6.79,2,4.75,3.49,6.52,20.5,19.11,2.37,10.0,31,9
56,Male,24479,1.74,14,3,4.84,4.27,2.53,7,4.89,4.18,2.01,4.39,59.42,73.35,1.5,0.36,0.16,0.57,0.32,0.41,0.73,43,454,2.1,5,0,772.83,10,5.53,5.6,9.75,21.42,6.5,1.61,1.89,47,6
20,Female,93784,2.91,22,7,7.11,3.92,4.46,5,7.3,2.08,5.56,4.19,80.21,80.22,2.5,0.82,0.08,0.54,0.56,0.18,5.09,8,409,1.92,7,0,309.51,8,3.78,7.89,7.75,24.87,4.14,5.75,3.23,41,6
59,Male,86112,0.8,22,1,8.13,0.78,0.22,5,4.7,4.44,3.82,8.75,79.74,76.77,1.4,0.66,0.24,0.67,0.84,0.71,3.22,5,353,2.21,7,0,58.33,9,3.06,5.44,5.81,29.15,5.45,7.22,1.06,82,3
47,Male,130279,0.61,6,15,6.46,5.14,0.79,2,1.86,5.42,7.6,8.51,71.39,100.0,0.0,0.78,0.5,0.47,0.86,0.12,7.42,19,464,0.25,5,1,162.98,5,4.41,7.67,5.24,33.04,1.43,7.5,2.43,76,8
26,Male,145888,3.6,30,23,7.76,2.24,2.94,1,3.2,2.48,5.64,3.97,59.83,63.34,3.01,0.91,0.15,0.55,0.25,0.45,6.26,42,258,1.06,1,0,2763.68,9,3.68,6.57,8.21,24.79,9.25,5.06,4.6,10,7
29,Female,59846,1.41,30,5,6.83,0.33,0.34,1,1.32,5.68,5.32,9.2,76.65,68.87,1.27,0.26,0.19,0.64,0.84,0.46,5.01,8,119,2.2,3,0,301.54,3,2.11,5.26,6.65,26.52,3.07,7.79,1.83,49,4
48,Male,101012,4.46,7,23,8.23,1.16,0.28,4,3.42,4.56,2.43,7.67,61.4,68.82,4.59,0.48,0.18,0.35,0.32,0.82,7.7,33,117,2.92,6,0,327.5,10,5.22,1.39,9.2,22.76,8.08,3.32,3.57,17,4
52,Other,100662,6.12,25,5,10.26,2.14,3.53,1,7.89,4.95,4.87,7.97,56.78,69.08,5.74,0.26,0.59,0.17,0.66,0.84,4.22,15,181,0.03,8,1,694.94,4,4.56,4.41,4.33,29.47,9.79,8.28,6.64,35,8
16,Male,128799,0.66,31,8,4.69,0.48,2.54,9,4.95,7.8,6.65,3.52,92.84,81.64,1.93,0.12,0.74,0.04,0.25,0.33,5.7,27,255,1.29,9,1,2270.06,0,4.33,5.99,3.59,26.13,8.4,2.46,7.76,33,10
14,Female,54077,3.54,11,22,4.44,0.53,3.91,6,8.18,5.59,4.49,6.23,82.47,70.52,1.11,0.92,0.12,0.55,0.6,0.42,8.54,27,263,1.08,4,1,291.52,1,4.5,2.4,3.26,20.47,7.66,0.0,2.74,82,9
18,Male,81756,4.22,10,16,4.95,0.14,0.17,7,3.13,6.62,8.13,3.84,62.81,69.86,2.94,0.71,0.14,0.15,0.6,0.74,1.35,43,455,2.96,2,0,289.49,10,4.93,4.75,5.53,27.23,9.09,4.24,6.22,70,4
54,Female,51680,5.03,5,13,5.77,2.59,0.01,10,4.89,3.41,3.44,5.1,45.31,73.98,3.22,0.67,0.13,0.48,0.33,0.8,3.64,0,451,2.62,10,1,516.83,6,4.14,5.13,8.68,25.52,6.4,6.87,3.42,33,5
16,Male,81184,6.17,19,24,2.94,3.36,1.72,4,4.51,3.65,3.78,6.89,81.47,87.78,2.87,0.81,0.04,0.52,0.08,0.84,3.58,21,225,0.58,5,1,275.91,8,4.48,5.83,3.47,18.88,12.59,2.03,1.81,84,6
41,Male,60181,2.53,19,5,8.05,1.28,0.07,7,4.7,3.59,6.02,5.1,80.26,54.98,2.26,0.54,0.05,0.57,0.37,0.45,6.51,41,385,2.52,1,0,1145.54,4,3.55,4.98,5.89,22.92,5.9,0.0,5.84,0,5
30,Other,93635,2.5,2,3,6.92,3.05,2.53,2,6.19,10.0,6.21,4.4,79.05,67.18,3.02,0.27,0.08,0.24,0.16,0.29,5.83,21,102,4.46,5,1,7.06,6,5.24,4.8,6.2,21.87,3.61,5.6,5.75,34,4
38,Female,36292,4.71,20,22,8.11,1.13,0.79,8,5.6,4.37,6.32,6.11,87.93,57.9,3.93,0.6,0.16,0.27,0.64,0.16,3.11,32,232,5.56,2,1,960.27,5,1.77,4.17,7.74,21.42,13.82,8.9,2.1,51,10
56,Male,10879,6.38,1,15,8.03,3.32,1.53,9,4.39,8.32,7.91,5.84,77.46,57.34,2.52,0.75,0.2,0.28,0.49,0.6,8.71,14,346,1.43,1,0,1672.27,5,3.07,3.19,6.93,11.07,13.36,9.85,3.29,30,4
46,Female,88268,3.2,26,5,5.57,0.68,0.15,4,6.31,6.75,7.29,7.87,64.47,64.1,1.76,0.67,0.41,0.65,0.36,0.32,5.69,47,320,1.45,5,0,681.24,6,7.01,5.1,1.84,24.55,4.18,2.79,5.76,78,3
22,Male,131522,9.04,12,2,7.24,0.26,0.35,9,3.19,9.66,9.04,4.32,67.82,99.86,5.67,0.43,0.09,0.52,0.96,0.28,2.62,2,268,4.47,4,0,186.14,6,1.83,6.31,1.43,28.82,9.95,10.0,2.79,47,10
48,Female,77675,5.21,28,12,7.22,1.35,0.5,3,1.28,5.41,7.41,6.81,86.86,47.05,3.89,0.65,0.31,0.32,0.59,0.85,8.57,29,153,4.18,6,1,569.65,5,5.83,5.81,8.74,24.15,6.27,7.47,4.76,97,2
26,Male,56499,0.72,14,13,9.33,2.29,5.17,2,5.22,5.23,6.12,3.75,67.65,60.8,1.38,0.41,0.46,0.6,0.73,0.72,7.49,9,271,1.25,7,1,30.65,9,4.73,5.3,4.52,21.09,5.4,2.19,9.93,21,7
43,Female,145479,2.45,17,21,8.11,2.47,1.52,8,2.77,5.34,7.19,9.21,78.4,81.64,0.83,0.48,0.36,0.47,0.49,0.65,6.18,30,466,0.95,8,1,560.52,6,5.67,5.69,6.28,22.37,4.98,10.0,0.25,6,3
27,Male,144191,2.71,2,22,8.04,5.06,0.43,3,4.11,0.08,3.36,8.49,51.05,39.8,3.23,0.58,0.34,0.19,0.34,0.24,12.12,40,278,2.31,9,0,41.57,0,4.2,3.43,4.91,23.13,10.7,6.01,0.59,95,4
20,Female,8408,3.01,34,15,6.3,2.51,0.18,9,0.64,5.21,5.45,1.78,59.52,55.69,2.46,0.58,0.43,0.39,0.91,0.64,7.6,41,258,2.92,0,0,286.11,2,6.42,7.02,6.33,27.52,4.58,4.21,0.59,52,7
26,Female,64034,1.57,8,2,7.47,2.9,2.92,4,6.38,0.0,6.77,7.37,79.55,68.88,2.64,0.3,0.16,0.38,0.37,0.77,1.75,17,146,1.35,5,0,626.91,5,7.75,0.73,7.01,24.84,3.98,4.85,6.26,3,4
35,Male,92892,4.42,25,23,8.24,2.59,4.87,4,7.17,6.64,7.61,4.85,54.49,79.76,3.26,0.43,0.19,0.35,0.22,0.83,9.26,14,217,0.63,0,0,441.1,7,6.8,5.69,3.25,25.32,8.79,6.42,4.4,62,8
52,Male,72602,5.85,28,13,5.32,1.86,5.17,10,3.42,7.78,4.51,3.02,65.64,96.14,2.92,0.54,0.27,0.78,0.24,0.09,2.4,15,121,2.53,10,0,523.11,5,2.94,6.56,4.78,20.19,6.47,6.39,3.87,47,3
33,Male,8648,3.37,15,21,7.52,2.45,2.32,2,8.19,3.03,0.31,4.18,100.0,58.9,1.3,0.5,0.14,0.31,0.23,0.76,7.04,32,48,3.31,0,0,1187.8,2,6.96,5.27,8.61,23.4,5.75,3.88,2.93,11,9
28,Male,77338,8.06,4,17,9.94,0.84,1.47,9,4.79,6.38,7.08,6.69,44.62,91.3,5.94,0.7,0.39,0.66,0.24,0.33,10.57,13,472,0.77,5,0,1070.87,5,4.41,5.53,9.52,24.75,12.17,4.66,3.25,18,6
57,Female,100230,5.21,27,16,7.98,1.15,0.45,10,6.94,5.99,8.5,6.78,84.53,79.49,2.82,0.4,0.32,0.16,0.81,0.24,8.41,4,229,2.24,8,0,960.53,6,4.13,5.2,6.6,21.5,8.95,4.99,3.17,24,10
30,Female,79206,0.67,19,18,8.08,2.88,0.25,6,7.05,10.0,9.1,10.0,62.42,62.81,1.72,0.77,0.51,0.69,0.32,0.42,9.83,22,7,2.48,1,0,506.9,7,7.69,10.0,7.42,23.12,1.57,3.85,1.61,5,10
59,Female,113726,0.48,13,15,7.79,1.66,0.79,4,2.65,6.37,5.97,5.39,56.9,71.45,0.0,0.58,0.2,0.3,0.14,0.4,3.38,39,326,3.55,4,1,17.16,1,10.0,6.54,7.64,27.44,1.35,5.29,5.76,51,9
36,Male,101810,1.23,20,9,7.76,1.14,1.82,8,3.09,8.31,6.47,5.67,68.66,75.8,3.01,0.16,0.25,0.5,0.16,0.06,2.13,25,30,0.34,5,0,162.83,5,4.81,6.49,3.0,30.48,3.72,2.27,0.0,5,9
38,Female,98692,13.22,14,24,3.96,4.67,0.46,1,3.98,8.71,7.35,5.27,64.41,63.29,8.83,0.4,0.43,0.31,0.75,0.33,7.67,47,18,0.66,7,0,135.57,8,1.63,2.85,8.07,27.19,18.16,4.4,2.92,48,3
37,Female,10601,3.53,35,3,8.96,0.24,1.53,9,4.78,2.6,5.01,6.23,81.05,54.11,2.72,0.22,0.63,0.02,0.24,0.56,3.66,20,428,1.04,6,0,86.42,5,7.61,6.38,2.69,20.16,7.85,5.61,3.94,99,1
57,Male,40857,6.51,16,0,5.9,1.38,0.84,6,2.02,8.13,7.22,5.35,67.34,63.05,5.9,0.74,0.4,0.17,0.8,0.48,11.75,19,219,0.63,0,1,961.76,3,0.17,3.56,6.1,20.42,6.68,6.36,3.67,86,8
53,Female,28516,11.18,10,17,7.6,0.06,0.18,3,3.19,5.52,4.83,6.11,64.85,68.24,7.79,0.39,0.06,0.13,0.62,0.65,3.38,9,220,1.92,0,0,30.88,3,5.64,6.31,6.81,26.29,14.14,4.42,4.18,26,8
41,Male,36352,5.05,31,16,10.37,0.97,1.82,8,6.63,8.33,7.96,4.28,85.75,73.95,2.73,0.04,0.09,0.14,0.87,0.97,11.48,2,109,0.66,4,1,418.59,8,2.35,9.87,5.58,23.78,8.99,6.75,4.26,76,4
27,Female,141662,2.65,18,20,8.68,0.43,1.9,2,6.51,5.6,5.62,8.59,66.41,59.42,2.74,0.42,0.09,0.87,0.73,0.65,2.63,15,472,0.82,10,0,443.83,9,4.71,0.88,6.81,22.75,9.72,3.52,5.68,79,10
57,Female,8118,9.92,37,5,6.51,0.35,6.79,10,2.76,5.15,6.79,7.49,68.45,70.17,5.17,0.13,0.58,0.29,0.86,0.59,7.74,4,196,0.97,1,1,1226.34,2,4.97,5.09,7.35,25.0,16.81,5.11,3.32,57,1
13,Male,91668,5.14,29,10,6.64,0.76,3.78,1,4.83,6.39,4.43,6.51,38.23,38.47,3.28,0.33,0.37,0.14,0.77,0.42,6.16,41,323,1.15,9,0,525.4,0,4.46,5.26,7.42,27.94,10.89,6.6,4.4,86,3
37,Male,69542,3.52,24,3,5.74,1.94,0.05,4,3.43,8.83,5.51,7.18,77.69,79.36,1.25,0.87,0.18,0.81,0.53,0.8,13.91,23,447,0.35,8,1,621.29,10,1.3,5.23,1.54,25.06,8.05,5.97,3.87,6,9
19,Female,24868,0.44,2,11,8.62,1.58,2.93,2,4.52,2.72,7.08,6.57,51.26,73.27,0.67,0.1,0.25,0.23,0.29,0.88,6.3,40,192,1.83,8,1,419.26,8,5.0,5.69,2.93,28.83,4.49,3.76,4.31,99,9
21,Female,147960,16.47,12,20,9.59,3.21,0.44,10,6.63,1.54,10.0,4.91,81.97,88.43,10.0,0.34,0.33,0.69,0.77,0.88,3.59,11,458,0.47,3,1,2241.97,2,3.6,6.72,8.14,17.82,23.24,4.18,4.32,22,8
36,Male,11159,1.64,17,3,8.86,2.22,0.29,5,4.41,7.74,4.28,3.81,91.6,66.26,1.48,0.76,0.2,0.33,0.17,0.26,4.39,30,323,0.78,6,0,269.51,7,9.52,4.6,1.45,19.98,5.63,6.22,5.47,78,10
13,Male,144530,5.85,13,9,7.9,0.77,0.53,2,6.39,6.14,3.17,6.44,100.0,67.71,4.77,0.53,0.39,0.52,0.55,0.47,1.26,47,481,0.26,1,1,1221.33,8,6.8,3.7,8.91,31.35,8.77,6.75,5.78,36,7
56,Female,90573,2.09,13,8,5.86,0.42,1.53,5,3.41,7.78,9.3,9.15,72.13,75.48,1.07,0.72,0.46,0.65,0.47,0.65,5.26,6,176,0.72,0,0,187.18,9,7.14,4.42,7.88,29.71,9.29,3.56,3.86,2,5
20,Female,136522,2.12,16,13,6.4,1.97,2.24,8,8.69,8.85,4.68,8.15,72.6,79.94,3.48,0.7,0.1,0.43,0.57,0.56,5.5,43,76,2.33,4,1,141.5,5,5.16,2.48,5.41,24.84,8.06,4.3,4.74,18,7
36,Female,15786,6.46,5,17,6.57,2.69,0.27,3,6.75,6.5,5.93,7.53,85.47,58.47,4.52,0.69,0.16,0.82,0.45,0.43,9.16,10,63,0.56,7,0,0.15,4,3.52,2.45,4.53,25.91,12.1,4.94,6.19,29,9
23,Female,84350,2.7,1,4,9.27,1.54,4.09,5,6.99,7.09,6.33,5.38,62.33,48.41,2.7,0.66,0.27,0.18,0.25,0.18,10.43,29,428,2.64,2,1,210.8,5,2.99,3.06,4.13,28.62,13.84,6.32,5.83,65,5
29,Male,117936,0.58,1,1,9.69,2.48,1.85,5,4.59,1.9,6.64,5.23,75.17,49.37,0.0,0.56,0.43,0.32,0.43,0.39,4.66,48,158,1.03,0,1,199.86,0,2.05,6.6,5.75,21.3,7.26,6.79,3.25,82,8
20,Male,47144,6.29,2,20,4.73,4.67,3.12,6,4.76,7.01,7.47,5.87,95.83,69.27,4.82,0.64,0.23,0.4,0.61,0.58,16.53,40,243,1.5,9,0,603.84,1,4.85,3.36,8.49,19.9,9.94,5.95,6.47,62,10
47,Male,75186,7.94,6,23,7.28,1.73,1.05,7,5.06,4.65,2.33,6.57,55.46,77.56,5.99,0.28,0.26,0.46,0.61,0.67,1.14,23,368,2.48,0,1,72.15,7,4.93,5.91,7.12,23.12,9.5,7.33,4.98,97,8
47,Male,33914,14.7,3,0,9.49,1.25,4.46,7,6.5,3.4,3.28,4.98,85.19,59.66,10.0,0.46,0.31,0.36,0.7,0.79,4.51,19,135,1.09,0,1,122.12,7,4.27,2.49,6.71,21.19,20.67,2.53,0.0,11,9
45,Female,58475,3.79,34,22,4.85,3.05,1.12,10,4.68,5.23,1.89,6.43,85.97,52.74,1.0,0.8,0.4,0.47,0.25,0.12,2.55,32,146,2.01,2,0,1463.32,7,6.05,5.46,5.15,27.68,4.99,4.54,8.7,24,10
17,Male,125597,1.27,3,8,6.71,0.27,1.74,4,0.85,5.41,3.8,10.0,34.67,61.07,0.92,0.66,0.23,0.61,0.56,0.89,10.71,33,93,1.8,9,0,32.08,10,5.36,2.55,6.57,29.07,3.17,1.64,2.49,71,5
54,Other,149612,4.91,29,18,7.37,0.08,1.48,7,5.77,7.56,6.13,3.78,90.05,57.29,3.87,0.08,0.18,0.17,0.44,0.96,7.44,3,370,1.19,1,1,289.99,7,2.56,5.62,5.12,30.0,12.42,4.85,2.54,79,3
51,Female,74611,0.58,4,21,6.55,1.13,0.07,10,2.88,4.09,3.2,7.69,59.45,98.72,0.0,0.75,0.34,0.8,0.46,0.52,4.96,35,184,1.0,6,1,2053.41,2,1.07,5.7,5.66,24.51,2.0,4.29,4.13,89,1
53,Female,81545,6.09,11,20,8.02,0.48,0.79,9,4.36,7.05,6.89,3.79,43.77,70.55,2.82,0.74,0.43,0.16,0.83,0.78,1.04,44,477,1.39,5,0,193.89,5,3.28,6.77,6.24,25.99,8.09,4.14,4.3,37,9
40,Female,135288,1.37,2,7,6.48,0.46,2.49,8,9.54,5.54,7.69,4.52,77.56,50.52,1.58,0.71,0.2,0.33,0.56,0.73,4.68,42,489,0.36,9,1,39.37,9,3.32,5.46,8.59,20.13,2.99,7.64,1.0,96,5
19,Female,119548,2.22,35,20,7.14,0.69,0.72,3,5.17,2.01,4.93,8.72,89.2,58.79,1.25,0.25,0.23,0.18,0.68,0.85,5.33,46,247,4.31,9,1,145.5,5,3.01,0.45,6.72,24.33,9.24,4.29,6.66,26,7
21,Male,118382,3.72,39,9,5.24,2.27,2.31,5,6.58,0.84,6.96,6.38,71.83,64.75,3.35,0.41,0.13,0.16,0.33,0.85,2.2,17,15,1.48,10,0,193.59,7,3.88,2.99,6.11,25.55,16.26,4.95,4.06,78,10
20,Female,26278,3.37,33,24,4.57,8.58,0.44,3,7.57,1.81,7.97,6.73,79.27,62.23,1.96,0.22,0.39,0.47,0.69,0.11,17.29,13,4,1.19,6,0,66.78,3,4.79,3.38,2.49,20.14,7.58,7.22,8.62,74,7
24,Female,107914,3.78,5,8,5.34,3.09,0.33,3,4.54,4.62,4.76,6.53,57.05,46.86,1.8,0.21,0.41,0.02,0.78,0.05,4.56,18,200,1.65,0,1,143.06,6,4.29,0.0,4.7,22.27,9.34,5.5,4.75,25,5
46,Female,49119,4.69,28,22,9.13,0.34,2.85,1,2.86,5.86,5.75,7.11,67.31,68.63,3.49,0.33,0.27,0.41,0.71,0.86,1.74,19,337,0.75,9,1,138.66,8,0.33,1.28,5.17,28.58,7.57,5.61,4.78,22,2
45,Female,43354,1.12,13,2,9.98,7.81,1.41,8,4.51,6.66,7.48,8.31,79.28,74.98,0.0,0.31,0.29,0.66,0.7,0.46,6.45,44,360,1.91,0,0,1056.05,10,3.4,5.17,7.33,26.95,4.47,7.9,0.0,21,6
35,Male,58839,2.34,30,3,6.71,1.53,1.61,8,4.75,2.03,5.62,6.64,54.72,75.79,2.36,0.67,0.24,0.68,0.36,0.12,3.4,47,461,2.98,3,1,906.31,3,7.47,2.07,5.14,17.88,3.1,4.43,4.36,27,3
36,Female,5042,2.96,35,19,6.28,4.42,2.09,6,5.06,8.57,7.51,3.37,94.03,99.88,3.73,0.96,0.12,0.59,0.97,0.13,2.46,40,79,2.3,10,0,1310.97,2,4.14,6.13,6.14,21.44,4.31,7.64,4.07,55,10
49,Male,126692,0.34,35,23,6.78,3.88,1.65,8,5.73,5.44,8.65,6.5,66.61,68.06,0.0,0.4,0.2,0.42,0.76,0.41,9.94,25,156,0.4,6,0,329.16,0,4.69,2.79,2.64,24.77,4.52,6.56,4.11,19,4
47,Female,65465,4.19,10,0,5.78,0.47,2.12,8,0.28,2.79,6.54,4.58,82.79,56.61,1.94,0.63,0.07,0.73,0.57,0.82,3.33,44,309,1.38,0,0,815.87,10,7.1,1.33,3.96,26.27,11.54,6.44,3.76,56,9
56,Male,136998,3.82,3,17,9.47,0.21,0.02,1,5.36,2.32,8.04,6.97,82.72,100.0,1.53,0.19,0.18,0.64,0.65,0.84,14.6,15,69,1.09,1,0,131.12,5,4.39,2.7,1.14,21.91,6.46,1.39,5.35,46,7
52,Male,144766,7.72,1,4,3.3,2.99,0.14,5,3.56,6.91,3.51,7.26,88.05,64.73,5.85,0.34,0.17,0.58,0.12,0.26,7.64,27,159,1.13,6,1,1822.69,3,2.86,10.0,6.59,18.32,11.99,8.3,3.52,28,6
34,Female,35503,3.25,2,4,8.61,0.81,1.33,5,3.4,5.96,8.47,10.0,56.32,24.33,2.6,0.33,0.22,0.48,0.89,0.76,6.62,30,42,1.74,2,1,38.37,7,1.78,5.03,3.2,24.12,7.44,5.26,0.11,6,8
39,Other,93273,4.9,12,18,6.79,5.49,0.16,4,5.43,3.44,8.18,5.14,56.89,46.01,4.45,0.57,0.19,0.12,0.54,0.55,3.7,35,430,2.42,5,0,380.48,10,6.79,6.38,3.93,26.44,6.56,5.7,2.78,41,10
47,Male,41094,4.81,7,3,10.47,1.57,3.52,6,3.79,2.08,3.01,5.83,78.22,59.27,2.27,0.32,0.32,0.5,0.52,0.54,4.47,14,373,1.56,8,1,596.92,4,4.7,4.59,6.73,22.49,14.07,9.89,6.91,71,10
13,Female,5540,15.76,30,5,7.69,0.08,1.08,1,0.0,1.12,8.19,4.63,72.1,61.85,10.0,0.52,0.54,0.45,0.96,0.4,4.3,12,484,2.42,0,1,280.93,3,2.45,10.0,4.88,32.51,20.96,2.1,2.44,8,1
47,Female,136479,1.82,19,7,7.27,3.41,3.09,9,4.34,0.0,7.01,8.59,89.23,94.52,2.77,0.38,0.21,0.49,0.81,0.35,7.51,41,246,1.86,4,1,1352.01,8,0.52,6.11,7.32,19.21,4.2,3.75,2.79,98,8
49,Female,71444,6.87,6,8,7.0,0.1,1.75,7,2.92,4.22,4.89,7.34,42.33,80.61,6.04,0.83,0.48,0.33,0.6,0.3,5.89,19,146,0.74,8,0,452.9,10,2.49,6.54,5.76,24.97,12.4,6.18,5.92,70,6
59,Female,82259,5.09,18,10,9.0,0.96,3.51,7,8.43,4.73,9.86,6.99,57.03,69.07,5.23,0.49,0.46,0.7,0.89,0.21,3.4,23,218,1.42,10,0,142.86,5,4.66,0.05,6.32,26.69,12.45,6.16,0.0,66,7
26,Female,141940,4.96,18,2,6.51,0.66,1.16,3,7.65,6.54,5.2,5.17,84.73,70.66,4.88,0.52,0.48,0.63,0.71,0.35,4.39,12,216,2.08,5,0,538.65,2,2.95,3.09,6.01,33.05,9.03,3.12,0.44,75,1
15,Female,77705,3.48,14,23,6.01,0.31,1.72,8,5.3,5.82,6.89,4.36,80.05,68.02,4.09,0.75,0.32,0.45,0.29,0.73,3.01,32,182,3.7,2,0,534.0,2,0.0,5.46,5.47,23.97,4.62,5.41,4.83,0,1
13,Female,80853,9.53,10,2,5.9,2.13,2.37,3,4.73,0.0,3.51,5.17,63.95,69.88,8.11,0.38,0.38,0.53,0.63,0.36,5.19,13,254,4.04,9,1,42.96,6,6.66,3.81,4.58,20.82,10.54,6.51,0.92,76,1
17,Male,28717,8.12,12,6,8.44,0.1,1.0,4,3.85,3.53,3.81,7.49,61.95,71.4,7.2,0.54,0.44,0.27,0.88,0.29,13.37,41,247,3.51,7,1,157.76,4,5.84,2.74,7.02,28.02,12.58,3.7,2.23,99,9
38,Male,62965,5.98,37,9,7.39,0.63,0.19,9,3.82,0.66,7.62,7.96,89.78,55.23,3.77,0.38,0.59,0.43,0.47,0.56,2.66,46,235,0.19,0,1,152.13,2,2.81,5.77,9.96,29.0,10.32,3.75,4.72,38,9
26,Female,59808,6.0,12,0,7.7,5.29,4.66,3,8.21,5.88,3.33,3.75,72.22,64.18,5.2,0.35,0.26,0.33,0.63,0.48,35.72,47,114,2.05,5,1,99.88,8,5.93,6.53,6.69,22.17,8.81,3.48,1.34,0,2
51,Female,70520,8.92,5,23,8.41,1.48,1.6,5,6.07,5.18,9.69,6.25,62.59,74.42,6.86,0.27,0.01,0.74,0.45,0.68,17.74,48,395,0.66,10,1,167.99,5,3.82,4.44,4.09,20.13,12.25,6.97,4.44,80,8
39,Female,148851,3.29,39,0,6.75,0.45,0.01,8,5.33,5.04,7.95,4.55,78.27,63.92,3.56,0.75,0.1,0.18,0.55,0.25,2.51,37,352,1.47,0,1,272.42,3,1.55,7.09,5.9,32.76,7.86,3.12,4.84,38,2
21,Female,15008,1.79,5,18,5.49,0.87,4.24,4,6.75,5.67,5.54,7.11,76.91,76.11,2.75,0.36,0.35,0.44,0.66,0.27,3.01,42,227,1.74,0,0,659.3,9,6.24,3.41,5.62,23.85,7.3,3.21,4.16,12,6
27,Male,46882,2.55,4,1,7.71,2.89,1.14,10,2.62,3.38,8.75,7.54,68.75,79.0,2.49,0.54,0.66,0.01,0.43,0.09,7.22,23,328,2.9,6,1,328.59,1,6.33,6.2,6.6,36.28,5.93,5.17,0.0,67,1
27,Female,49200,0.81,19,13,7.41,2.47,1.91,7,4.64,7.6,8.26,5.54,73.08,56.36,0.59,0.57,0.23,0.55,0.45,0.17,4.72,7,496,1.9,0,0,289.07,5,5.46,2.88,5.39,20.82,12.25,8.29,1.41,48,4
38,Male,98905,2.13,26,4,8.7,4.88,2.06,6,7.2,1.26,8.65,7.15,98.23,74.29,2.18,0.84,0.44,0.32,0.79,0.3,7.16,48,352,2.59,8,1,1050.59,9,5.79,3.12,6.45,21.92,2.52,4.29,1.71,80,2
54,Female,56233,6.74,23,7,7.05,0.15,3.42,2,5.0,5.92,10.0,3.25,93.76,66.15,5.48,0.53,0.4,0.05,0.74,0.44,1.17,30,299,2.62,6,0,16.51,6,3.35,5.72,4.72,28.0,8.33,5.43,5.96,64,2
25,Male,114072,8.0,34,23,6.91,0.8,1.12,4,4.89,0.0,8.3,3.89,75.0,68.21,5.28,0.15,0.19,0.28,0.5,0.16,4.78,35,423,1.43,2,1,229.11,7,2.36,8.14,8.75,20.38,12.58,5.63,3.51,42,3
44,Male,148820,5.64,19,9,3.19,5.21,1.75,4,5.13,3.4,4.5,2.35,95.54,75.6,4.98,0.44,0.23,0.81,0.81,0.53,7.13,45,406,1.95,8,0,490.8,2,4.16,3.44,2.68,22.84,13.99,4.15,5.01,94,8
51,Male,34385,1.05,15,16,6.33,3.38,0.4,6,4.54,4.16,7.45,5.06,70.4,78.81,0.0,0.56,0.27,0.44,0.76,0.32,12.25,2,422,1.01,10,1,148.56,9,4.39,4.29,2.78,29.28,2.75,6.23,6.17,30,9
44,Female,120415,0.67,24,24,6.31,1.63,2.88,4,5.73,0.02,6.27,6.64,83.41,89.49,1.02,0.87,0.64,0.44,0.55,0.22,9.05,34,12,1.08,0,1,64.79,7,5.2,2.86,6.93,22.44,4.4,6.64,8.12,9,1
16,Male,140325,9.56,33,13,7.9,0.07,0.07,3,4.15,7.03,5.0,3.64,61.64,68.62,7.11,0.49,0.18,0.6,0.84,0.16,3.08,15,161,0.85,9,0,786.36,9,4.28,5.53,6.79,23.34,10.79,3.24,6.79,92,7
42,Male,82439,0.2,2,7,5.65,0.47,5.39,8,5.89,4.24,9.63,4.8,77.2,97.5,0.52,0.51,0.33,0.69,0.21,0.11,6.58,45,280,0.56,5,1,1115.08,9,4.81,6.76,7.73,23.18,3.77,3.53,5.42,61,6
49,Male,102831,1.09,28,21,7.76,6.0,0.19,2,5.66,5.89,6.03,6.29,80.08,84.6,0.79,0.16,0.3,0.36,0.6,0.52,4.95,25,145,2.0,2,0,185.73,3,2.5,5.59,6.0,22.3,1.73,5.06,5.0,24,4
35,Male,121203,3.32,35,0,7.67,1.04,2.63,4,2.38,5.36,5.44,4.35,89.42,69.04,2.12,0.48,0.38,0.53,0.58,0.66,4.3,17,77,2.71,0,0,14.4,1,0.0,5.47,7.14,22.15,9.39,7.88,3.68,92,10
51,Female,127089,6.24,29,4,8.02,0.44,0.02,7,5.39,6.24,5.38,5.7,60.21,68.06,3.07,0.83,0.56,0.33,0.52,0.39,1.27,18,171,1.23,1,0,38.39,0,3.31,7.85,9.77,21.57,6.87,6.52,7.96,94,8
57,Female,75624,0.93,2,22,8.06,2.18,2.95,8,2.09,6.31,4.47,8.48,60.09,87.77,0.0,0.31,0.63,0.59,0.32,0.92,5.52,19,144,2.16,2,0,733.25,7,6.7,6.21,6.73,22.1,4.91,6.9,5.56,60,9
27,Female,41960,1.41,25,1,7.11,0.34,0.18,8,5.22,5.67,5.49,5.18,74.82,76.21,1.75,0.57,0.36,0.25,0.64,0.67,2.59,15,152,2.42,2,0,929.53,1,5.14,5.72,4.86,31.53,6.79,8.72,8.05,20,2
55,Male,8302,1.48,13,15,5.95,7.42,2.7,3,3.83,4.9,6.3,5.74,55.14,72.22,0.32,0.67,0.15,0.35,0.36,0.79,13.45,27,0,0.63,3,0,7.39,10,7.68,4.66,5.48,30.44,6.92,4.32,4.31,29,7
41,Male,25284,0.41,5,17,11.46,1.58,0.08,9,2.99,5.12,4.97,5.95,50.01,70.11,0.0,0.57,0.13,0.18,0.47,0.74,4.25,23,188,3.36,5,0,778.82,9,0.74,9.66,6.15,28.04,3.08,4.17,6.45,0,4
48,Male,120699,2.8,16,21,5.24,0.72,2.05,2,2.39,8.05,4.91,4.06,65.32,74.97,2.45,0.49,0.13,0.13,0.41,0.27,4.25,8,366,2.91,3,1,692.37,6,4.74,1.12,4.37,21.24,4.37,7.08,5.69,45,8
25,Male,104687,1.11,1,15,7.8,0.11,0.89,10,7.11,9.44,8.52,8.18,90.86,72.21,2.0,0.36,0.39,0.45,0.51,0.44,0.89,19,296,1.71,3,1,209.53,7,4.26,3.48,8.09,20.52,4.11,7.04,3.52,19,4
44,Male,30861,3.96,35,1,8.11,1.51,4.34,3,3.64,4.14,5.31,5.81,75.56,67.42,3.46,0.38,0.16,0.58,0.8,0.29,4.69,28,66,1.92,6,1,895.8,6,6.39,5.41,6.97,24.83,5.06,2.33,4.24,42,3
19,Male,65338,5.61,27,19,8.48,2.24,1.28,5,7.89,3.98,7.42,7.52,60.33,90.53,3.49,0.85,0.36,0.41,0.4,0.83,8.64,39,365,1.18,10,0,158.37,10,6.2,3.32,6.1,22.47,11.81,7.64,2.5,41,6
34,Male,16061,5.47,23,15,3.48,0.65,0.48,8,4.67,4.8,7.32,7.24,36.46,84.79,5.08,0.22,0.15,0.52,0.78,0.53,13.52,5,50,5.04,5,0,328.83,1,6.34,3.47,5.95,29.77,11.87,4.7,1.04,97,2
40,Male,120158,3.24,4,2,6.73,2.46,0.52,2,3.7,6.05,6.99,6.02,67.76,82.89,2.42,0.66,0.09,0.28,0.55,0.83,0.14,2,165,0.66,2,1,279.78,7,3.43,5.61,8.21,28.19,6.59,4.67,4.95,87,6
14,Male,7385,3.7,37,3,6.68,3.43,0.47,9,7.26,5.08,5.34,8.76,75.92,49.23,4.12,0.13,0.36,0.3,0.21,0.28,13.3,2,312,5.02,1,0,916.53,6,4.72,6.06,3.96,11.36,10.41,6.5,2.87,97,3
54,Male,92072,5.48,7,8,8.37,3.13,0.67,1,5.34,1.78,6.64,3.5,59.7,55.26,4.21,0.65,0.05,0.09,0.72,0.07,7.64,42,281,1.45,10,0,136.82,2,3.48,6.21,5.46,26.19,12.1,2.43,1.34,47,5
57,Female,148030,6.4,19,0,7.91,0.7,2.0,7,6.47,3.87,4.43,10.0,73.7,63.39,4.26,0.31,0.51,0.46,0.9,0.65,5.76,11,227,3.3,1,1,153.44,0,3.09,4.68,3.99,17.94,9.89,5.21,2.75,26,10
18,Male,125560,8.66,28,20,7.83,1.71,0.85,4,4.89,1.6,4.71,5.02,57.92,54.46,5.05,0.84,0.1,0.15,0.58,0.15,2.7,49,289,1.17,8,0,312.07,0,4.75,4.92,8.62,22.73,13.1,5.66,0.0,61,10
40,Female,130713,4.8,25,17,8.64,0.99,0.55,1,4.08,10.0,7.31,2.38,56.69,47.61,3.28,0.6,0.45,0.11,0.03,0.7,6.97,25,425,1.99,1,1,40.59,7,7.03,8.59,4.52,26.68,9.13,3.34,5.28,21,5
40,Female,29389,0.72,28,5,8.16,2.22,3.68,5,2.67,5.01,4.86,2.97,94.98,62.45,0.57,0.61,0.19,0.53,0.37,0.36,1.21,32,428,0.7,8,1,94.84,5,2.26,0.5,5.03,22.11,6.19,5.34,4.55,61,3
56,Male,15623,4.0,26,14,4.55,4.51,4.3,8,6.24,5.51,6.39,7.71,65.29,89.84,4.4,0.51,0.11,0.38,0.23,0.42,2.45,1,14,1.64,5,1,39.64,1,3.61,2.78,2.31,24.0,5.6,8.56,5.03,82,7
56,Female,107215,2.29,34,8,5.17,5.97,4.24,7,4.76,4.5,6.21,8.32,66.63,57.8,0.93,0.92,0.1,0.48,0.69,0.17,16.46,18,433,0.68,8,0,2388.86,0,4.59,5.64,7.64,23.07,5.48,3.93,5.54,60,7
32,Male,137517,0.52,4,14,8.24,0.84,4.76,2,1.76,3.69,6.17,4.48,84.97,100.0,1.29,0.52,0.29,0.58,0.68,0.11,8.04,14,498,2.68,7,1,1111.34,6,3.27,4.77,5.96,25.28,1.83,7.59,1.69,46,6
42,Female,77321,1.47,30,18,6.78,0.57,1.77,4,4.65,2.88,9.01,5.18,86.23,100.0,1.84,0.14,0.18,0.44,0.75,0.67,4.73,25,138,2.0,10,1,725.98,4,4.62,7.82,5.23,25.34,8.36,5.27,6.47,6,7
23,Male,124025,2.87,2,11,8.18,2.83,0.77,9,3.27,4.17,3.51,7.22,75.34,50.06,2.56,0.64,0.24,0.87,0.69,0.17,4.3,28,69,1.81,5,1,1382.16,8,4.91,3.61,7.92,27.53,11.45,4.68,5.25,3,3
40,Female,18911,2.95,10,7,8.48,1.55,0.98,8,5.96,4.99,4.44,5.36,66.2,71.23,1.11,0.48,0.08,0.46,0.71,0.36,2.96,8,294,1.46,4,0,1347.64,6,3.64,5.22,5.48,24.78,7.28,4.33,3.33,91,5
37,Male,77807,4.62,3,10,6.91,2.28,0.96,6,4.94,3.22,6.65,6.9,56.46,81.55,2.62,0.94,0.3,0.22,0.34,0.53,2.59,12,277,3.36,6,0,1828.54,1,5.06,4.78,5.6,21.27,6.37,2.75,2.26,50,6
51,Other,67782,3.12,25,22,8.09,0.35,0.19,4,6.7,4.33,6.04,8.1,66.83,95.85,1.22,0.42,0.26,0.52,0.97,0.2,0.49,32,125,0.75,4,0,62.59,10,7.16,7.27,7.75,32.47,3.76,3.98,2.62,99,2
45,Male,84065,2.63,3,20,7.3,0.04,0.05,5,5.28,6.71,6.16,4.71,66.71,84.25,2.3,0.21,0.19,0.76,0.64,0.35,5.18,45,451,1.3,0,1,681.24,3,0.65,4.08,3.39,31.81,3.8,5.61,6.15,42,8
13,Female,16458,3.1,20,14,5.25,0.39,0.04,7,7.29,6.31,6.32,1.82,100.0,67.36,1.14,0.35,0.13,0.15,0.17,0.29,11.52,13,331,2.96,8,0,983.93,3,2.61,6.14,7.99,29.94,9.89,6.29,5.87,85,10
39,Female,62922,6.2,20,13,5.67,0.28,0.21,9,3.97,3.18,6.94,10.0,89.89,78.19,3.91,0.17,0.2,0.31,0.32,0.76,6.05,42,113,3.34,2,0,9.14,2,6.98,4.51,3.02,22.74,6.54,5.3,5.95,62,9
25,Female,96879,2.72,32,2,7.85,0.13,3.71,6,4.77,8.0,8.69,5.98,98.27,64.89,1.47,0.55,0.13,0.8,0.65,0.35,4.11,27,6,0.58,6,0,451.89,3,5.26,4.24,7.03,25.33,6.17,4.55,7.83,17,3
53,Female,83932,1.04,35,3,5.58,6.9,3.8,5,5.53,7.93,8.1,7.88,75.22,67.37,0.2,0.34,0.44,0.39,0.68,0.66,10.98,42,471,2.99,5,0,162.7,0,8.49,6.25,6.17,20.9,2.8,5.69,6.62,36,9
15,Male,38817,3.99,11,19,10.12,1.65,2.39,10,5.82,5.79,2.16,8.03,91.03,49.11,4.11,0.85,0.04,0.44,0.67,0.25,5.51,27,454,0.77,8,1,371.04,5,6.75,4.26,6.91,24.88,4.72,7.16,3.57,79,10
51,Male,22286,0.88,4,19,7.04,2.58,0.37,8,7.27,4.86,7.4,4.81,89.96,40.53,2.01,0.51,0.38,0.06,0.16,0.66,5.25,42,469,3.61,2,1,103.48,6,1.95,3.44,2.24,29.05,3.08,6.21,1.99,43,3
18,Female,82723,1.43,6,16,9.16,0.19,1.39,8,5.78,6.66,7.69,4.02,64.53,78.66,1.36,0.55,0.49,0.36,0.23,0.51,11.71,23,260,0.3,3,1,274.39,1,5.59,10.0,4.23,28.62,3.28,5.26,6.77,24,3
20,Male,108916,1.91,35,17,5.82,3.04,4.43,3,3.3,4.01,10.0,6.35,87.8,58.87,0.76,0.38,0.44,0.34,0.76,0.36,6.6,11,40,0.38,9,0,403.61,2,6.3,5.34,3.89,17.81,6.01,5.55,4.03,44,9
39,Male,34384,3.21,36,20,5.77,1.78,3.18,4,4.26,7.0,8.79,6.55,74.96,68.27,2.94,0.15,0.34,0.25,0.59,0.33,6.39,29,410,2.22,1,1,189.42,7,3.47,7.42,8.17,20.66,6.85,4.54,3.63,54,4
21,Female,70766,7.08,6,11,5.85,2.91,0.07,9,1.65,6.7,8.08,8.61,63.71,52.8,2.37,0.22,0.5,0.36,0.53,0.26,6.05,7,84,1.51,7,0,790.05,0,7.76,8.33,7.76,29.87,8.76,3.98,3.92,89,7
49,Female,140110,6.48,5,20,6.8,1.16,0.46,1,9.93,7.5,5.7,8.02,81.22,47.26,5.59,0.47,0.34,0.2,0.67,0.4,6.27,5,230,1.93,2,0,505.96,6,5.88,5.99,5.99,20.3,13.24,3.85,3.93,96,9
45,Female,65148,6.31,17,19,8.4,0.34,0.52,6,5.0,7.85,5.86,6.08,60.02,96.37,3.91,0.2,0.06,0.13,0.94,0.81,4.74,38,467,0.35,2,1,1252.34,2,5.06,5.16,4.3,20.94,11.49,3.41,5.18,2,3
54,Male,125918,5.1,35,19,7.41,0.12,0.48,3,7.21,3.81,4.01,8.88,78.9,65.44,2.98,0.79,0.25,0.41,0.35,0.81,5.02,36,171,0.6,5,1,687.27,1,4.9,4.87,3.1,25.16,6.21,3.63,5.74,95,10
56,Female,21889,3.66,32,5,8.5,1.89,1.05,5,7.33,5.5,4.63,5.31,56.83,73.61,2.79,0.59,0.25,0.28,0.07,0.6,8.19,15,265,1.86,2,0,10.32,8,2.66,7.5,8.44,19.27,10.0,5.3,2.54,60,10
36,Male,41789,5.42,24,21,7.0,2.63,6.47,7,4.3,6.03,7.48,6.1,62.3,69.41,4.12,0.25,0.6,0.18,0.83,0.51,4.71,22,222,4.81,9,0,390.56,10,4.63,5.77,6.61,20.96,8.76,8.03,2.24,44,4
27,Female,13887,4.58,30,18,6.04,3.38,0.82,10,5.51,5.49,6.75,1.48,62.88,57.98,3.82,0.61,0.16,0.4,0.73,0.82,9.64,39,393,6.76,7,0,167.14,4,4.46,2.37,4.9,33.28,9.29,4.89,2.55,32,6
44,Female,85026,1.4,18,1,5.55,2.54,1.19,10,6.09,2.39,5.9,8.7,65.95,71.68,2.09,0.77,0.3,0.72,0.85,0.44,1.47,20,313,1.22,7,1,900.23,5,7.37,6.68,5.17,19.15,4.76,3.66,4.63,91,4
44,Female,71665,0.94,24,2,8.45,1.82,3.87,5,3.15,2.61,3.13,3.63,59.93,33.74,1.31,0.79,0.47,0.21,0.27,0.88,10.36,23,221,0.86,9,1,412.63,9,7.44,5.37,3.45,21.11,6.3,5.02,5.31,40,1
36,Male,30088,1.89,20,12,10.71,3.82,5.88,5,5.49,3.98,2.33,5.58,57.8,76.39,1.32,0.52,0.25,0.62,0.78,0.7,4.52,34,26,0.38,10,0,179.07,5,3.79,5.59,5.66,33.33,6.74,4.33,6.21,60,5
53,Male,73830,2.98,11,4,7.75,0.79,0.88,3,6.02,0.21,1.79,4.88,81.5,66.6,0.59,0.66,0.1,0.05,0.8,0.43,2.28,47,308,4.15,10,1,898.38,4,5.77,3.58,8.36,27.86,11.48,8.11,5.1,81,4
24,Female,46237,3.2,30,2,5.5,0.15,2.24,6,3.68,7.54,4.34,8.27,51.29,72.89,1.59,0.56,0.25,0.52,0.93,0.45,14.84,24,172,1.63,6,1,102.82,2,4.0,3.71,6.76,24.35,8.63,5.0,4.7,59,10
51,Female,103576,2.86,15,19,7.35,2.9,0.09,9,3.32,4.66,8.44,4.14,54.98,100.0,1.84,0.09,0.34,0.2,0.71,0.56,10.32,13,131,2.88,4,0,864.91,8,4.24,5.23,4.57,25.04,9.84,2.16,4.3,99,5
14,Female,59604,8.88,32,14,6.28,1.1,1.7,4,2.66,8.28,7.83,4.6,64.68,71.89,6.41,0.77,0.44,0.16,0.85,0.19,7.29,31,33,1.06,4,1,140.5,0,5.89,5.32,6.38,26.59,10.05,4.9,3.32,28,9
15,Male,111644,0.9,3,20,5.07,1.9,0.3,1,1.3,1.45,6.38,5.75,64.95,77.78,0.0,0.48,0.16,0.24,0.47,0.27,9.59,11,259,0.86,6,1,39.54,8,5.84,4.33,8.09,33.1,2.88,8.31,5.9,70,7
49,Male,17298,0.98,36,22,5.4,3.65,1.26,9,0.98,2.27,10.0,6.76,67.38,66.8,0.0,0.88,0.29,0.27,0.83,0.28,1.34,3,342,4.18,6,1,191.76,7,5.98,6.14,4.9,26.73,4.69,6.85,1.79,75,10
29,Female,57384,1.22,31,22,7.02,1.17,1.49,1,3.99,3.79,7.72,3.73,55.47,65.26,0.62,0.13,0.49,0.63,0.91,0.79,9.31,7,348,4.03,9,1,1717.07,3,2.55,6.16,8.99,23.29,4.51,4.39,3.13,30,2
14,Male,132511,2.12,10,24,5.72,0.23,2.08,4,3.95,4.09,5.53,5.61,63.6,89.35,2.58,0.8,0.63,0.04,0.45,0.3,5.28,2,249,0.92,4,0,430.68,10,6.62,6.54,7.04,26.35,4.8,6.37,0.8,53,8
14,Female,130053,3.32,17,11,8.8,1.52,0.56,5,2.29,2.37,2.59,5.8,65.12,70.36,1.54,0.39,0.48,0.17,0.43,0.12,2.57,35,218,0.71,7,1,193.74,7,4.58,5.0,3.92,24.67,6.35,4.74,3.61,94,8
40,Female,53982,11.64,11,5,9.09,1.77,1.36,10,5.58,9.02,8.36,3.67,64.34,75.51,9.5,0.61,0.31,0.39,0.07,0.59,6.32,5,435,1.2,7,0,871.94,9,5.28,0.12,5.87,22.97,19.39,4.6,2.92,16,3
35,Male,57028,2.05,37,21,6.29,7.51,0.48,1,2.12,3.54,5.0,2.94,74.17,52.56,0.0,0.37,0.16,0.04,0.34,0.62,5.49,0,15,1.41,8,1,54.09,7,8.33,7.8,7.99,28.99,5.07,3.79,4.97,81,1
49,Male,25603,1.31,37,22,9.23,0.68,0.76,10,4.92,4.58,6.66,6.95,60.01,81.56,0.8,0.74,0.53,0.44,0.85,0.17,0.68,31,11,1.07,3,0,2211.31,8,4.62,5.2,3.16,30.87,3.86,5.84,2.08,94,1
44,Male,123140,2.37,39,8,3.92,2.34,0.62,3,6.37,7.0,5.42,2.54,66.29,87.65,1.34,0.28,0.06,0.53,0.89,0.41,4.6,38,34,2.45,9,1,504.18,1,7.76,6.79,6.66,18.37,7.53,0.06,2.47,73,5
45,Male,74866,3.11,9,8,8.73,0.39,3.23,3,9.23,5.77,1.3,4.53,64.3,69.9,1.01,0.67,0.52,0.1,0.37,0.38,2.39,11,374,1.88,4,1,318.77,3,5.07,4.02,4.77,19.21,13.08,3.25,3.36,66,1
13,Male,25569,4.67,15,22,6.91,1.68,2.15,6,3.23,7.91,6.76,5.32,61.03,97.76,3.51,0.63,0.1,0.42,0.36,0.12,3.11,19,251,0.78,0,1,308.66,2,6.78,7.07,5.22,16.93,9.24,2.75,5.07,96,8
31,Female,97578,7.58,16,21,7.95,1.91,0.08,4,5.22,7.28,5.17,4.31,77.55,57.84,6.37,0.38,0.43,0.31,0.51,0.84,10.76,13,151,0.31,1,1,62.87,9,5.57,2.54,5.05,19.46,11.84,6.05,5.9,67,10
14,Other,66756,5.42,28,17,7.82,0.67,0.93,5,6.35,4.12,7.01,8.17,65.54,67.87,4.12,0.61,0.39,0.43,0.44,0.81,3.0,20,229,1.66,2,1,42.18,9,6.45,4.94,7.47,23.49,6.53,3.4,2.73,22,4
56,Female,139026,5.88,24,16,7.16,1.03,0.03,6,6.33,5.33,5.72,5.38,75.23,58.31,4.4,0.33,0.17,0.44,0.63,0.19,4.25,15,421,4.56,4,0,66.93,6,2.85,5.52,6.61,23.45,10.13,4.93,4.57,66,5
38,Female,90925,10.69,11,22,9.39,1.38,0.22,2,5.37,5.49,5.25,7.51,71.12,65.41,6.98,0.23,0.14,0.59,0.28,0.91,9.64,1,410,0.42,3,0,513.08,6,4.95,4.79,6.01,15.58,13.49,2.38,3.24,21,3
44,Male,95362,4.65,25,19,8.01,2.7,0.21,8,4.34,5.67,6.38,6.69,78.53,55.84,3.22,0.83,0.49,0.22,0.5,0.86,10.05,41,434,1.55,1,0,37.14,5,7.97,5.08,5.98,21.61,6.02,4.29,5.84,16,2
18,Male,124531,2.09,2,5,7.37,3.59,2.5,4,2.71,1.81,4.46,1.93,100.0,74.21,0.0,0.9,0.72,0.34,0.43,0.66,4.29,34,53,1.32,3,0,885.91,3,3.55,4.74,7.97,20.58,9.1,4.06,4.98,38,10
44,Female,144692,3.05,37,18,6.07,2.66,3.5,8,0.66,9.79,6.63,6.46,59.55,95.75,0.0,0.86,0.19,0.39,0.37,0.35,0.97,45,201,10.24,10,1,1169.7,2,6.24,6.96,6.1,27.52,10.74,4.78,3.94,5,8
16,Female,108534,1.93,35,1,8.07,0.25,1.03,5,2.73,1.38,5.89,3.55,56.12,71.73,0.92,0.65,0.42,0.5,0.75,0.32,7.31,35,128,3.91,1,0,1197.02,10,4.76,1.12,7.43,25.19,4.33,9.05,2.38,50,7
23,Female,108447,2.33,38,17,5.77,0.55,3.15,4,3.46,8.96,6.18,7.02,49.94,55.68,2.4,0.5,0.11,0.18,0.4,0.88,5.96,39,145,2.49,6,1,486.95,2,5.85,6.99,6.34,28.56,4.11,6.18,4.87,2,1
29,Female,58021,5.09,34,7,7.07,2.51,2.65,2,6.47,6.22,5.48,0.91,56.18,84.13,3.6,0.93,0.12,0.58,0.35,0.27,16.7,11,205,1.19,8,1,131.32,1,6.24,7.85,6.38,22.95,8.61,5.5,2.99,34,4
50,Female,83532,2.31,3,4,5.36,3.64,0.02,8,4.71,4.36,3.19,5.9,53.86,49.64,0.09,0.67,0.59,0.53,0.37,0.53,10.86,31,236,2.4,3,1,85.29,8,3.67,5.63,7.5,33.13,9.89,4.24,4.18,38,9
36,Male,66550,12.41,12,13,8.1,2.76,1.54,10,6.51,5.84,5.09,6.17,52.22,52.18,8.44,0.24,0.78,0.35,0.15,0.33,7.44,31,268,1.19,5,0,19.11,3,3.4,4.18,3.06,22.7,14.04,3.27,3.47,36,8
17,Female,130226,1.47,28,6,8.25,4.46,7.26,10,2.29,5.27,5.74,10.0,40.76,90.88,2.29,0.77,0.23,0.12,0.75,0.35,8.15,22,127,2.91,10,0,109.22,10,5.27,5.57,7.62,15.08,7.06,3.45,1.45,80,6
46,Female,140001,6.85,1,10,8.75,0.25,1.54,5,1.02,6.58,7.57,4.67,62.07,44.28,4.64,0.39,0.37,0.43,0.24,0.31,7.59,15,495,1.13,9,1,142.09,2,4.53,6.89,4.72,27.73,10.94,2.87,3.89,9,9
18,Male,105785,5.13,33,8,6.78,6.54,0.1,7,9.16,9.83,5.34,7.87,100.0,68.81,1.98,0.81,0.14,0.38,0.33,0.58,5.71,2,357,0.74,7,1,1466.25,0,5.65,2.0,6.74,20.1,8.33,3.44,2.21,37,6
34,Male,107897,1.12,33,13,4.89,0.41,0.1,10,6.49,3.69,7.05,5.57,77.31,59.79,1.0,0.34,0.4,0.55,0.92,0.48,8.65,22,273,2.31,0,1,262.91,4,1.2,5.48,3.59,26.26,2.96,3.65,4.05,29,10
23,Male,119032,9.97,9,24,7.94,1.64,2.57,1,5.74,7.88,5.68,4.25,75.19,53.41,7.15,0.39,0.14,0.75,0.87,0.45,2.1,24,2,0.54,5,0,556.05,7,5.23,6.23,6.56,23.7,17.74,3.38,0.22,35,7
28,Female,16755,4.33,31,3,9.36,1.01,3.5,10,5.91,1.88,8.18,7.64,55.55,78.98,3.91,0.48,0.26,0.32,0.45,0.31,10.25,2,306,0.83,2,0,571.66,5,1.74,0.71,6.94,28.13,8.06,6.38,3.82,31,3
45,Male,133325,5.53,33,9,7.59,1.86,1.11,2,1.13,7.44,1.92,5.56,74.37,71.17,3.16,0.62,0.47,0.43,0.61,0.22,0.84,9,57,1.77,10,0,254.49,4,2.98,7.92,5.26,30.8,6.29,5.67,1.31,79,8
21,Male,118928,6.88,28,16,4.44,5.5,4.55,10,6.74,7.93,5.15,6.17,58.31,64.99,4.18,0.47,0.32,0.33,0.19,0.73,4.4,18,112,2.76,4,0,289.44,10,6.23,7.7,5.52,20.1,10.46,5.15,4.81,70,1
18,Male,39135,3.29,23,16,6.88,1.31,1.12,2,5.32,1.87,6.55,4.79,46.5,52.9,1.72,0.11,0.16,0.04,0.22,0.49,1.55,31,89,2.01,1,0,606.71,6,6.53,3.31,7.86,26.11,11.33,5.29,1.27,77,1
28,Male,101530,3.2,28,5,9.66,1.49,10.95,6,3.23,9.56,5.64,6.89,91.6,71.63,2.09,0.62,0.42,0.68,0.89,0.36,0.85,9,268,2.65,1,0,44.94,1,4.82,4.99,7.49,27.1,7.13,2.35,4.05,52,1
41,Female,88562,6.02,30,4,6.13,0.99,1.73,1,5.52,6.76,7.14,4.22,69.78,100.0,2.85,0.88,0.33,0.56,0.47,0.66,2.83,41,272,1.86,8,0,172.02,8,6.55,8.02,4.39,19.02,9.62,4.27,4.42,90,4
15,Female,43604,5.51,15,12,6.32,0.33,0.87,2,4.72,4.41,4.21,4.21,83.36,70.0,5.25,0.21,0.46,0.58,0.38,0.14,3.19,7,429,1.19,6,0,848.44,9,4.36,5.25,5.71,30.16,7.32,3.47,1.67,10,3
32,Other,130690,3.04,14,16,9.52,0.08,8.03,10,4.88,3.27,5.35,6.74,84.31,48.27,2.17,0.71,0.06,0.61,0.47,0.22,0.24,19,437,4.99,5,0,283.65,5,5.44,6.77,5.73,28.83,5.31,4.94,2.8,69,10
48,Male,119096,9.66,31,9,7.67,1.03,1.69,5,3.01,2.19,7.64,6.35,83.21,44.29,7.23,0.81,0.25,0.27,0.48,0.39,4.2,49,407,1.95,8,1,2187.3,5,4.17,5.13,5.97,17.64,15.49,4.82,7.51,74,7
31,Female,98157,5.3,16,19,5.69,0.88,0.11,1,3.04,6.21,5.5,2.92,55.36,100.0,3.46,0.32,0.25,0.53,0.49,0.79,4.74,4,51,3.23,1,0,556.5,7,6.51,6.9,0.0,28.27,10.9,3.31,8.74,30,6
38,Male,83185,3.24,6,12,6.27,0.31,5.0,2,2.1,6.3,8.05,2.8,86.74,68.92,2.83,0.05,0.39,0.61,0.64,0.84,1.08,33,29,1.25,10,0,1474.7,3,6.02,6.64,7.41,29.58,11.78,3.66,2.09,59,7
15,Other,58832,5.84,29,11,5.47,2.32,2.71,9,4.14,5.74,4.47,6.35,66.13,91.96,2.95,0.27,0.58,0.88,0.51,0.42,7.08,15,483,0.73,5,0,138.15,8,4.88,1.27,4.57,24.65,9.37,5.14,0.0,50,4
31,Other,58080,2.43,22,9,8.16,7.2,3.45,8,3.59,3.86,4.54,6.19,51.35,59.75,0.86,0.43,0.47,0.28,0.87,0.58,3.36,11,416,2.91,6,0,526.28,2,7.73,6.47,5.76,18.65,5.53,7.57,4.19,28,3
32,Female,137588,9.88,38,15,6.48,1.55,0.65,3,4.76,6.5,7.01,5.65,63.83,73.85,7.08,0.45,0.57,0.18,0.55,0.5,2.3,33,376,0.72,9,0,826.19,3,3.9,5.44,3.99,26.02,14.87,2.41,4.77,11,2
44,Male,26273,7.9,38,4,6.38,0.34,6.54,10,4.67,10.0,7.48,5.43,74.86,65.98,4.75,0.85,0.29,0.4,0.43,0.8,4.52,36,133,3.49,4,0,384.03,1,2.79,5.95,5.23,25.35,11.56,7.36,9.03,7,3
19,Male,133581,5.86,17,0,8.2,0.31,3.64,7,4.41,7.83,6.4,5.04,65.02,88.86,4.31,0.57,0.18,0.79,0.85,0.84,2.26,12,318,2.06,0,0,1257.45,8,4.38,4.69,6.09,25.62,10.45,4.03,5.19,22,4
53,Female,28664,2.01,37,5,7.48,1.41,3.55,9,5.22,3.61,2.44,4.45,42.21,81.27,0.39,0.41,0.15,0.39,0.64,0.25,4.71,29,316,4.51,8,1,395.68,1,3.4,10.0,10.0,22.26,4.22,4.95,3.86,63,2
45,Male,43260,0.6,36,2,7.46,8.26,1.55,10,3.04,6.38,7.79,0.2,70.12,62.35,0.0,0.84,0.27,0.42,0.63,0.41,4.64,1,354,1.66,3,1,1090.41,3,9.6,3.4,5.27,20.45,10.43,1.3,6.91,91,2
52,Female,22788,3.32,10,6,6.4,0.17,0.82,3,1.58,3.8,6.17,6.83,81.36,68.82,1.19,0.19,0.06,0.48,0.15,0.25,10.44,21,329,1.06,9,0,222.51,2,3.79,3.2,4.08,33.62,4.76,1.46,0.0,74,6
51,Female,24241,1.09,3,3,6.73,0.52,0.3,10,2.58,4.77,4.59,7.32,82.99,63.42,2.61,0.68,0.72,0.05,0.18,0.52,4.68,43,184,1.0,10,0,244.52,6,2.55,7.38,7.88,24.37,5.23,4.76,4.12,27,7
30,Male,50682,5.53,33,12,5.95,0.65,0.37,4,3.82,3.03,5.22,7.35,81.69,70.29,3.32,0.57,0.18,0.42,0.49,0.5,14.55,24,464,3.21,5,1,1802.03,0,3.61,5.92,7.54,25.71,7.96,4.98,6.81,36,4
52,Female,5025,6.04,33,14,7.47,0.46,1.42,2,2.52,3.87,7.31,4.29,68.06,90.12,3.91,0.63,0.09,0.19,0.67,0.26,9.31,28,363,3.47,2,0,523.15,5,5.77,6.06,8.75,23.53,8.7,3.02,2.12,29,8
13,Female,116402,2.56,6,8,7.86,1.87,0.53,3,1.79,2.34,8.64,6.46,75.18,78.7,0.0,0.37,0.33,0.61,0.79,0.35,7.06,0,418,2.81,6,1,270.18,4,4.17,8.37,8.95,24.96,5.1,6.29,0.57,40,4
23,Female,97484,4.41,35,1,5.64,0.37,3.49,9,3.31,6.37,5.59,4.58,52.84,88.35,1.97,0.55,0.12,0.66,0.42,0.32,4.88,6,267,3.7,8,0,117.33,10,7.53,4.33,5.08,31.81,8.45,7.59,4.51,15,1
40,Male,78174,6.25,21,9,4.19,3.1,1.56,7,3.02,10.0,3.16,2.69,48.66,100.0,2.59,0.52,0.32,0.29,0.23,0.48,4.06,15,9,0.24,7,0,492.24,9,2.74,2.92,8.69,25.73,9.26,7.87,4.05,59,5
37,Female,26947,4.04,1,19,3.94,0.02,0.43,2,2.45,5.09,8.51,4.8,77.5,37.25,1.83,0.91,0.02,0.82,0.64,0.41,4.07,13,53,1.0,3,0,223.03,10,3.33,4.94,7.45,27.71,4.99,5.4,5.5,67,7
35,Female,103188,0.54,19,1,6.9,0.27,0.33,7,3.86,6.81,6.64,8.57,47.39,59.47,2.37,0.46,0.08,0.23,0.7,0.52,2.88,39,374,0.45,1,0,528.15,2,7.33,7.22,3.66,26.97,1.31,4.52,4.46,3,8
43,Male,80960,1.81,21,9,9.44,7.35,6.29,9,3.89,7.5,6.89,3.49,62.5,44.45,2.36,0.32,0.56,0.33,0.45,0.39,1.61,1,392,4.33,10,1,113.62,5,4.48,4.7,6.14,23.83,3.6,5.9,2.7,36,5
42,Male,66609,12.91,32,6,7.59,3.18,0.38,10,6.26,1.9,2.6,5.64,48.89,79.84,8.97,0.44,0.13,0.12,0.15,0.46,3.14,28,382,1.46,0,0,62.69,10,3.45,1.61,10.0,32.37,16.26,3.27,1.3,3,8
54,Female,75490,3.35,19,21,6.38,3.86,2.79,1,4.05,0.68,8.72,3.84,63.5,70.08,2.85,0.48,0.55,0.39,0.69,0.81,5.38,42,195,0.75,9,1,126.85,7,6.2,4.7,4.83,23.33,10.56,1.13,6.05,97,8
47,Female,6587,2.85,2,12,6.99,1.83,2.01,9,3.85,4.28,3.4,7.16,62.44,86.31,1.25,0.23,0.29,0.27,0.42,0.21,2.57,36,206,4.26,6,1,456.81,6,3.33,4.18,4.14,21.06,5.09,9.16,5.98,58,7
19,Male,137360,6.35,5,6,11.49,2.29,0.7,5,3.16,5.58,6.91,5.51,56.97,74.13,4.19,0.56,0.73,0.24,0.75,0.63,14.32,29,189,0.79,3,0,45.94,9,3.37,5.68,8.99,24.37,9.1,5.96,1.91,49,6
28,Male,120841,2.77,17,5,5.09,0.62,0.4,7,3.92,4.93,5.42,6.8,83.47,80.33,1.5,0.73,0.69,0.4,0.84,0.11,1.87,46,200,1.33,0,0,964.77,0,7.09,0.02,4.52,25.6,6.34,3.82,2.47,10,1
38,Male,110007,7.77,23,12,6.65,3.05,3.09,6,6.85,6.04,9.82,5.0,58.65,76.14,8.27,0.4,0.46,0.73,0.47,0.64,13.31,3,345,2.11,0,1,10.69,7,4.97,5.16,3.25,24.38,10.03,9.57,1.0,73,10
14,Male,123565,2.32,18,2,4.89,0.79,2.72,6,9.66,4.15,6.79,8.76,59.16,60.74,3.36,0.81,0.29,0.84,0.83,0.84,0.76,49,306,0.12,9,1,182.01,5,4.99,9.72,4.85,28.89,3.34,0.21,1.02,76,7
13,Male,138791,1.12,3,14,7.53,0.6,3.06,8,5.99,8.95,2.54,5.78,69.67,53.09,0.0,0.75,0.53,0.45,0.38,0.58,1.45,47,50,4.27,5,0,381.3,9,3.22,5.37,3.68,23.79,3.3,7.51,3.91,88,2
24,Female,97221,2.15,19,0,6.08,4.57,1.42,2,5.79,6.55,7.54,8.79,78.84,71.54,1.38,0.53,0.35,0.17,0.48,0.55,7.17,45,367,2.15,10,0,737.11,5,3.09,3.86,6.15,19.88,5.01,4.49,4.01,28,8
17,Male,122112,1.85,19,6,6.15,5.63,1.24,1,1.34,8.38,8.8,4.46,48.33,72.01,0.34,0.75,0.26,0.55,0.71,0.25,5.81,47,427,1.15,0,0,113.23,4,6.01,8.94,3.07,21.19,3.88,7.18,4.29,14,5
49,Female,105115,7.53,13,15,7.88,0.04,1.66,8,7.22,6.51,8.48,8.04,86.76,87.68,4.14,0.78,0.2,0.37,0.55,0.1,8.44,9,341,1.85,3,0,734.39,9,5.82,4.8,8.08,21.63,12.39,4.06,1.19,49,5
44,Male,9972,3.4,12,21,8.15,1.77,0.89,4,7.52,5.65,8.47,8.05,61.12,70.45,3.72,0.5,0.56,0.23,0.32,0.57,1.72,34,427,1.46,6,0,123.37,8,4.79,1.74,8.75,18.76,9.63,7.11,3.61,97,9
21,Female,69549,3.6,32,9,7.32,3.78,0.28,4,4.22,5.09,5.05,8.38,60.91,71.28,3.0,0.27,0.37,0.32,0.69,0.83,4.22,38,89,1.8,5,0,91.04,4,5.38,1.68,8.29,18.32,4.74,4.0,3.42,21,4
53,Female,88646,1.15,31,22,10.09,0.73,0.92,3,9.5,3.37,2.1,6.33,70.17,79.82,0.0,0.47,0.43,0.3,0.6,0.43,3.65,38,271,0.61,3,0,228.08,2,5.43,5.76,6.75,26.8,11.35,0.85,3.02,61,7
47,Female,50074,4.87,19,4,6.62,3.35,2.91,8,2.26,5.23,4.88,5.0,60.22,52.61,3.82,0.59,0.49,0.34,0.18,0.57,1.34,28,150,0.81,6,0,442.05,6,7.38,5.5,7.43,26.28,8.38,5.32,3.02,92,6
31,Female,22247,4.54,39,6,6.28,1.15,1.56,6,3.8,6.92,4.12,4.93,77.09,76.33,3.46,0.42,0.16,0.25,0.32,0.68,7.15,21,201,0.75,9,1,773.69,6,2.48,5.95,8.79,25.59,11.19,4.51,5.07,88,9
28,Male,88614,2.96,6,24,6.36,0.33,3.61,7,7.43,3.66,5.13,5.46,74.38,52.8,1.49,0.43,0.16,0.28,0.7,0.62,6.28,12,138,0.84,0,0,306.7,4,5.38,4.16,7.12,26.46,4.52,3.4,3.31,70,5
15,Male,17134,5.54,9,6,7.39,1.47,0.96,7,5.86,4.71,4.16,6.39,89.39,49.5,2.46,0.33,0.38,0.08,0.73,0.5,7.37,18,410,0.92,10,0,1904.03,2,5.2,9.4,3.75,22.85,6.4,2.64,4.2,94,8
32,Female,27503,2.45,10,4,5.74,0.74,5.52,4,3.51,3.4,6.12,2.5,62.77,72.01,1.78,0.84,0.46,0.29,0.77,0.65,1.76,16,115,0.2,8,0,193.46,3,8.36,1.52,7.06,23.62,7.7,7.46,4.12,28,10
36,Male,138455,6.86,27,0,6.89,2.96,4.17,6,4.44,8.44,4.19,5.08,100.0,83.33,4.09,0.49,0.24,0.26,0.68,0.48,3.61,13,449,0.93,7,1,205.19,4,3.6,3.75,4.11,20.74,9.89,7.25,4.58,68,2
45,Male,138766,3.7,21,6,4.21,0.06,2.53,5,7.63,7.99,7.3,7.2,69.46,66.4,0.73,0.86,0.28,0.26,0.38,0.53,6.37,46,349,0.59,7,0,391.61,4,7.54,3.43,3.14,26.13,7.74,7.67,2.24,32,7
36,Male,138132,11.69,28,1,6.94,1.74,6.18,7,3.92,4.29,6.77,6.33,70.32,52.27,7.66,0.91,0.18,0.25,0.43,0.31,8.48,25,411,1.82,0,1,834.2,0,7.17,3.89,7.66,29.04,13.9,5.58,0.0,11,5
23,Male,74760,0.67,7,20,5.77,0.91,0.24,2,5.55,3.0,8.49,8.65,82.58,49.03,0.23,0.14,0.37,0.31,0.21,0.21,11.14,21,93,2.38,2,1,300.53,0,4.19,9.21,6.78,27.87,2.46,3.54,5.27,96,6
20,Male,139230,3.16,19,1,4.18,0.85,0.79,10,6.46,7.97,5.32,8.92,59.19,72.68,1.96,0.44,0.26,0.36,0.63,0.17,10.35,6,291,1.94,1,1,253.54,7,6.75,5.7,4.95,19.24,9.69,3.66,1.15,70,6
48,Male,78066,0.24,34,15,5.49,0.38,0.08,6,7.21,10.0,5.01,4.04,39.91,90.88,0.16,0.69,0.4,0.17,0.89,0.29,7.6,7,116,1.66,10,0,167.62,4,5.58,3.36,8.66,23.86,9.23,3.58,4.62,67,6
50,Male,89961,7.49,3,18,5.83,0.93,3.03,5,4.71,4.78,2.06,9.48,65.32,57.86,6.17,0.5,0.25,0.36,0.82,0.8,0.91,33,8,0.61,8,1,65.28,10,4.07,1.81,6.08,21.98,12.85,4.65,6.81,17,6
52,Male,147623,2.89,21,16,7.14,0.07,1.12,1,5.51,3.78,4.53,5.33,53.04,53.17,1.76,0.31,0.4,0.61,0.29,0.58,1.91,43,424,3.0,1,1,1207.33,10,6.36,4.35,4.4,22.48,5.83,3.59,6.51,27,8
32,Female,123092,9.56,21,11,7.68,2.63,1.37,2,4.69,5.99,1.66,4.35,73.8,85.1,6.07,0.89,0.2,0.61,0.32,0.33,10.71,1,167,3.19,4,0,344.96,3,0.74,6.63,6.02,26.64,11.63,5.31,3.75,19,9
47,Male,27213,3.2,21,12,7.72,0.57,0.93,7,0.0,5.62,2.41,10.0,100.0,63.7,3.0,0.42,0.22,0.29,0.21,0.23,11.65,21,104,3.6,1,0,55.7,0,5.33,8.3,5.38,30.77,5.8,3.46,5.49,46,8
37,Male,122664,2.98,14,18,7.02,1.1,0.43,8,3.27,8.15,5.46,1.03,42.11,85.73,1.74,0.3,0.13,0.4,0.3,0.59,4.47,42,427,0.83,7,0,108.19,9,3.11,6.7,5.94,23.52,7.39,5.02,1.13,8,1
47,Female,83638,3.61,20,5,5.65,3.39,0.43,2,5.56,10.0,10.0,4.58,89.75,91.06,4.04,0.58,0.11,0.04,0.73,0.13,1.43,6,188,1.51,5,1,282.23,4,4.53,3.6,3.54,13.06,5.72,2.07,3.01,99,3
37,Male,23264,1.68,14,11,6.9,8.28,1.53,1,5.14,3.67,7.64,6.15,54.12,46.8,1.33,0.08,0.21,0.51,0.16,0.81,2.6,13,290,0.3,7,0,505.29,8,8.18,6.46,5.64,25.73,5.15,6.58,4.89,44,2
41,Male,104020,10.49,28,20,8.73,1.27,4.78,2,7.79,1.38,5.82,8.19,64.1,76.64,7.41,0.74,0.5,0.12,0.42,0.39,3.51,13,90,3.5,7,0,200.53,0,7.56,3.76,6.16,26.87,13.7,6.76,0.0,8,6
30,Male,53259,7.84,3,4,6.59,4.43,1.06,1,4.17,7.08,6.2,5.77,87.25,65.92,4.49,0.44,0.6,0.39,0.44,0.21,3.91,1,251,1.35,0,0,234.65,5,7.83,4.0,6.68,29.01,8.68,4.49,0.0,66,4
58,Female,138292,9.84,18,3,8.66,1.97,0.06,3,8.06,4.86,3.89,5.62,58.01,87.8,6.43,0.56,0.45,0.57,0.42,0.67,0.72,19,67,1.99,0,0,434.28,9,6.85,7.17,5.52,24.6,10.94,7.92,6.02,90,8
30,Male,20518,3.43,36,0,6.02,2.87,1.39,5,5.88,4.73,5.45,7.18,47.04,48.75,3.73,0.61,0.19,0.3,0.49,0.45,4.41,27,140,1.5,4,1,1290.8,10,4.19,1.15,5.86,25.88,15.16,7.0,4.05,92,5
14,Female,63120,5.4,18,22,7.74,6.59,0.42,5,3.07,3.37,6.37,3.85,77.66,49.59,2.75,0.32,0.23,0.54,0.65,0.12,3.06,14,221,3.25,7,1,649.47,1,5.93,5.38,5.75,26.31,9.66,4.52,5.43,55,10
47,Female,114880,3.33,19,1,6.84,8.43,1.94,1,4.33,6.43,6.62,9.22,66.61,47.38,1.83,0.93,0.14,0.34,0.77,0.06,2.2,41,226,1.85,2,0,73.02,4,1.68,4.48,6.75,18.49,7.72,6.13,3.86,49,6
28,Male,31867,1.39,10,8,7.8,0.14,1.55,1,4.8,6.54,7.15,4.71,71.34,47.23,1.75,0.65,0.45,0.1,0.48,0.6,3.3,30,177,4.83,0,0,1153.8,8,2.17,4.82,3.82,25.58,5.38,6.97,4.53,23,6
53,Male,137626,9.28,14,17,6.71,1.62,1.57,3,6.31,2.62,6.12,4.59,75.58,54.14,8.24,0.21,0.5,0.66,0.41,0.17,6.45,48,405,1.82,3,1,967.81,3,7.92,5.52,1.22,24.45,16.71,6.32,3.67,79,6
48,Female,67933,5.23,34,5,7.8,1.56,1.26,8,7.21,0.7,3.57,7.04,47.12,63.76,3.89,0.37,0.08,0.6,0.55,0.29,4.45,26,128,1.68,0,1,845.55,5,4.23,5.69,6.44,26.83,7.68,1.17,6.79,2,2
45,Female,144450,4.51,13,6,6.23,0.0,4.43,10,3.95,7.41,4.86,7.43,42.66,62.76,3.63,0.93,0.21,0.26,0.75,0.39,0.92,34,262,3.02,4,1,110.64,0,6.14,2.96,7.31,26.03,6.29,3.38,3.74,12,4
16,Female,81701,3.02,3,3,5.81,0.97,0.75,3,2.3,5.69,4.3,7.73,100.0,49.05,1.2,0.54,0.23,0.14,0.07,0.32,5.65,7,395,1.43,1,0,354.15,7,5.85,7.96,5.35,25.87,7.08,7.91,1.4,27,5
45,Other,8344,0.73,14,20,6.35,0.33,1.22,4,5.5,5.45,6.28,5.34,87.73,51.85,0.38,0.51,0.51,0.1,0.82,0.25,1.61,33,132,2.0,10,0,761.3,6,6.0,1.82,7.21,12.37,2.28,5.11,4.18,29,5
26,Male,103494,4.03,30,18,6.05,2.08,0.18,2,6.14,7.01,7.56,4.86,77.48,80.15,3.18,0.85,0.1,0.45,0.52,0.85,2.94,46,322,0.18,2,1,196.33,10,2.35,3.21,2.61,23.64,7.43,7.07,6.62,24,9
33,Male,107154,2.05,25,4,7.11,1.52,1.53,9,5.37,0.0,4.39,5.51,72.97,88.25,1.49,0.47,0.1,0.16,0.71,0.61,6.25,42,302,2.81,3,1,16.01,7,4.11,5.89,7.13,21.48,2.47,4.53,1.83,57,9
32,Female,133194,9.45,17,9,5.68,0.92,0.37,8,1.65,3.7,7.71,7.14,67.5,57.99,7.0,0.28,0.15,0.46,0.72,0.48,14.91,35,16,2.18,4,1,353.79,3,2.17,7.58,7.6,25.61,13.71,6.43,6.46,95,9
20,Female,140527,6.77,6,2,6.73,0.91,2.32,1,4.19,3.34,6.85,6.6,84.02,78.38,3.28,0.56,0.41,0.14,0.74,0.05,3.92,37,479,2.05,2,0,17.51,5,6.2,4.32,2.46,28.23,13.7,7.12,4.83,12,7
19,Male,130113,6.1,32,17,6.12,0.92,0.66,1,7.68,5.12,10.0,5.47,86.31,68.28,4.06,0.78,0.18,0.09,0.05,0.33,9.61,21,264,1.44,8,1,389.48,8,9.24,6.49,4.83,30.57,7.67,5.21,4.44,79,4
15,Male,59410,2.49,24,11,4.08,0.97,1.03,1,3.36,5.49,5.02,7.93,55.66,71.64,2.24,0.24,0.36,0.43,0.17,0.5,10.19,35,492,1.85,4,1,783.27,10,1.09,9.35,7.09,26.01,3.32,3.12,4.62,72,5
29,Female,129587,2.06,21,0,7.9,3.26,2.92,5,6.79,3.64,7.12,8.64,95.95,77.23,1.05,0.58,0.35,0.67,0.41,0.79,13.91,0,465,0.48,7,0,1072.95,10,4.55,4.06,5.46,24.06,3.75,7.55,4.26,14,8
45,Male,62844,0.33,2,4,6.8,0.41,0.89,8,1.17,10.0,5.82,5.23,60.78,65.79,0.04,0.56,0.37,0.79,0.34,0.72,3.35,25,435,0.98,5,1,83.92,1,3.73,2.65,7.0,23.77,4.84,8.53,7.6,99,5
24,Female,124316,3.63,21,14,8.32,0.52,0.7,3,7.55,2.09,5.86,3.04,65.13,35.39,5.48,0.47,0.33,0.16,0.38,0.18,4.57,33,326,0.2,7,1,360.82,6,5.33,6.37,9.1,17.65,6.8,4.35,4.09,12,8
34,Female,89184,6.91,8,5,8.56,2.11,0.93,1,5.47,0.0,7.09,4.54,78.55,54.24,4.07,0.36,0.23,0.35,0.81,0.08,11.18,8,156,4.35,8,0,380.67,1,2.64,9.54,7.41,16.36,7.43,5.66,3.65,7,7
34,Female,17305,1.4,28,0,6.06,0.69,1.58,3,2.73,7.69,7.82,2.58,62.79,64.44,0.0,0.75,0.55,0.82,0.74,0.43,3.36,44,322,4.81,7,0,419.34,3,7.93,4.73,6.86,17.31,10.34,5.15,0.96,22,4
58,Male,111864,1.7,29,24,5.53,4.47,0.71,10,6.35,0.84,9.06,6.22,65.12,66.41,0.98,0.62,0.1,0.13,0.29,0.18,2.43,15,315,3.23,9,0,1214.25,2,6.14,6.11,4.39,29.74,2.96,2.3,6.03,47,7
42,Female,54962,3.62,6,9,7.11,0.74,0.84,4,6.49,0.0,5.24,4.15,68.13,66.19,1.48,0.56,0.34,0.16,0.13,0.46,1.24,11,323,1.8,8,0,224.26,6,5.33,7.28,4.62,25.79,6.06,5.32,2.91,57,5
50,Female,141502,7.19,34,1,7.11,3.9,6.27,7,7.38,5.42,8.71,6.87,71.74,80.89,4.17,0.94,0.21,0.1,0.78,0.76,6.11,23,111,3.27,3,0,110.38,9,3.87,5.75,3.57,23.93,11.98,1.44,0.21,31,7
50,Male,119434,4.17,15,22,5.66,0.37,0.57,1,4.18,6.86,7.74,4.64,68.43,57.94,2.18,0.38,0.21,0.77,0.28,0.62,7.28,30,436,1.13,7,0,693.7,0,3.88,7.56,2.18,22.18,5.19,5.84,4.68,71,4
57,Male,65916,4.05,2,6,6.31,1.99,0.23,6,5.42,7.05,5.73,5.33,69.24,68.51,2.81,0.67,0.79,0.71,0.49,0.66,2.2,24,302,0.31,9,1,366.44,1,5.91,2.23,4.3,30.99,5.02,6.63,3.73,29,5
20,Male,130092,2.46,25,13,5.56,5.0,4.87,10,4.12,4.22,7.03,5.24,69.62,78.4,2.91,0.59,0.35,0.04,0.22,0.5,5.09,3,237,1.39,4,0,311.77,8,2.06,6.47,7.35,27.15,4.21,5.49,7.91,0,10
39,Female,71189,2.63,22,8,9.02,5.56,1.96,5,9.56,6.65,5.88,6.16,97.19,73.62,2.41,0.68,0.5,0.2,0.37,0.53,2.52,31,449,2.91,9,1,934.64,5,3.0,10.0,3.46,25.79,14.06,2.44,2.8,52,3
39,Male,79536,4.52,32,1,6.53,2.13,2.85,7,3.56,4.08,6.16,6.17,63.13,76.75,2.63,0.19,0.61,0.34,0.61,0.44,1.24,36,308,0.87,9,1,616.38,6,3.64,4.32,6.53,22.43,10.99,5.03,7.43,48,1
46,Male,60609,4.86,36,12,5.7,0.09,15.8,7,2.96,6.84,4.96,4.81,92.82,44.58,4.26,0.61,0.29,0.38,0.59,0.08,10.64,39,495,1.05,3,0,35.24,5,3.71,3.05,9.05,23.58,5.2,8.9,3.33,80,10
33,Female,40535,3.7,14,10,5.87,0.25,1.24,6,2.63,7.82,3.58,5.73,59.27,68.32,2.06,0.73,0.12,0.23,0.58,0.86,2.4,24,271,0.72,9,1,913.4,5,3.22,8.37,6.82,21.15,4.53,7.07,3.04,65,7
42,Female,96553,3.19,26,18,7.1,1.77,0.36,3,5.96,1.19,5.97,6.54,79.15,48.17,2.94,0.43,0.31,0.59,0.66,0.87,5.3,13,197,3.12,8,1,238.31,9,2.26,2.99,6.74,25.2,7.3,7.21,6.44,11,2
45,Female,36027,7.76,36,12,5.86,0.07,3.62,5,3.07,5.36,7.73,7.94,78.8,57.62,3.52,0.93,0.6,0.17,0.55,0.36,21.78,15,433,0.8,8,1,58.08,3,5.16,4.83,3.46,23.13,9.86,5.12,4.18,81,4
40,Female,33855,0.33,4,2,6.74,3.61,0.35,5,4.02,1.62,3.5,6.22,58.11,68.27,1.64,0.62,0.25,0.19,0.94,0.69,0.98,12,209,0.34,6,1,1664.86,10,8.85,3.4,6.24,15.87,6.21,5.13,5.67,30,1
59,Female,112109,4.43,17,3,8.52,3.79,3.19,5,4.93,4.26,5.19,5.85,64.09,88.23,2.08,0.54,0.25,0.35,0.75,0.83,7.64,13,271,0.73,7,0,716.58,8,6.61,4.55,2.07,22.77,8.02,1.22,3.1,14,3
45,Female,13734,5.78,15,20,5.79,0.27,1.9,8,4.02,4.03,4.56,7.97,62.51,84.67,2.47,0.4,0.55,0.55,0.28,0.64,4.42,41,102,6.61,10,0,18.77,2,3.08,6.94,7.91,29.53,6.4,5.03,6.96,94,5
17,Female,37099,5.97,13,20,4.1,2.24,0.28,1,6.19,4.73,4.8,6.08,87.76,74.1,3.09,0.43,0.39,0.63,0.06,0.24,13.53,12,109,2.88,3,0,1099.56,2,4.65,4.39,7.4,28.64,8.58,7.68,4.16,35,3
31,Male,10219,1.98,20,8,7.89,2.54,0.11,2,5.76,2.26,6.76,0.84,95.09,77.09,1.96,0.61,0.1,0.01,0.4,0.39,1.19,3,376,0.74,6,1,864.95,5,5.35,3.14,3.71,18.28,8.1,6.19,5.37,95,4
16,Male,83329,1.68,25,9,6.9,2.29,0.53,6,9.07,4.53,5.37,7.24,93.24,49.17,1.82,0.87,0.18,0.43,0.33,0.86,5.79,24,127,2.68,8,1,626.68,1,2.62,4.57,3.41,26.65,3.93,8.66,5.47,30,6
47,Female,118195,2.32,36,20,8.98,2.53,0.96,9,2.77,3.43,9.19,8.39,68.3,74.51,2.42,0.51,0.09,0.16,0.37,0.3,0.9,3,454,3.52,2,1,704.46,2,4.52,5.85,7.2,20.62,4.58,4.47,5.76,3,1
29,Male,10866,8.09,4,3,7.91,2.49,1.91,10,2.93,4.97,4.59,7.85,43.63,69.13,6.69,0.89,0.1,0.27,0.79,0.35,13.84,9,348,2.86,9,1,90.68,1,3.53,3.7,7.44,25.45,10.95,6.31,3.05,21,10
56,Male,111346,9.46,15,23,6.35,1.52,1.01,1,4.58,7.66,2.65,5.31,44.56,59.78,7.89,0.64,0.1,0.15,0.04,0.74,2.18,18,409,1.83,3,0,722.93,7,7.74,4.26,8.0,18.89,13.37,4.47,5.87,53,10
40,Female,53081,4.73,28,8,6.45,1.12,2.44,7,4.41,4.33,3.94,5.46,100.0,98.55,1.87,0.21,0.42,0.62,0.55,0.76,13.26,42,176,0.67,7,1,415.61,10,7.34,1.06,5.2,23.18,6.04,6.46,7.08,22,8
42,Female,105716,1.29,3,13,3.74,1.83,0.29,6,6.52,5.94,6.78,7.39,56.1,50.95,0.0,0.26,0.36,0.54,0.59,0.7,0.75,12,223,3.93,10,0,110.2,3,5.08,7.79,2.43,17.39,7.15,6.18,5.2,14,8
41,Male,46578,4.74,4,24,6.04,0.58,1.26,5,4.47,7.97,5.55,2.24,63.83,68.74,3.17,0.12,0.21,0.73,0.68,0.66,9.35,13,354,2.57,8,0,400.88,5,0.44,8.08,8.01,31.56,8.9,2.8,2.84,11,10
58,Male,94529,7.32,11,1,6.56,4.42,3.38,6,6.6,3.66,3.95,6.31,98.91,77.7,4.27,0.33,0.32,0.31,0.54,0.7,9.27,17,236,0.08,1,0,1032.24,7,3.79,3.34,4.37,18.03,11.9,8.84,4.06,17,9
18,Male,129127,6.45,14,2,9.86,1.65,0.47,9,4.72,6.47,8.79,8.16,66.17,87.25,3.08,0.56,0.54,0.3,0.64,0.65,2.06,21,38,6.33,3,1,1134.75,8,2.81,7.04,2.71,31.5,12.55,5.78,7.48,16,7
47,Male,126155,0.63,26,0,6.37,2.11,0.09,7,5.16,2.78,9.64,4.66,56.28,58.53,0.91,0.43,0.16,0.74,0.47,0.66,6.68,5,263,2.0,9,0,50.65,0,5.05,4.57,1.64,19.64,2.49,2.96,3.11,67,10
53,Male,8325,0.07,13,21,9.93,0.33,1.29,4,2.66,3.2,8.3,6.46,63.36,72.9,0.0,0.47,0.76,0.7,0.66,0.9,2.96,0,426,1.3,5,0,38.15,9,3.06,4.09,2.06,28.23,2.42,3.1,3.69,11,9
49,Female,121652,8.84,1,7,5.25,0.07,5.89,6,6.29,2.92,7.04,5.0,43.36,74.33,6.09,0.73,0.06,0.09,0.31,0.59,3.8,22,470,0.98,1,0,593.35,10,5.28,3.34,9.21,24.82,13.82,7.08,3.43,79,10
36,Male,26672,0.65,2,12,5.61,0.06,0.94,3,4.52,7.7,3.75,5.92,62.52,60.15,3.24,0.32,0.25,0.31,0.21,0.68,7.95,31,41,0.8,6,1,358.5,8,8.66,7.65,5.83,26.16,3.03,4.4,4.63,59,9
41,Female,101189,6.33,8,20,7.97,1.12,0.76,6,6.65,1.69,7.14,9.88,65.92,94.12,5.02,0.53,0.39,0.5,0.58,0.57,8.83,12,224,2.32,5,0,564.4,7,8.07,3.14,9.05,26.73,15.11,5.49,3.13,49,6
58,Male,70712,0.79,20,1,5.92,3.42,1.48,7,3.11,1.96,6.39,4.06,49.55,71.19,0.0,0.15,0.42,0.45,0.22,0.22,6.73,47,460,0.77,5,1,354.18,2,5.35,3.26,5.78,21.91,1.26,5.01,3.84,60,5
43,Female,29555,2.73,29,22,6.81,1.34,3.06,3,5.68,3.01,2.47,8.32,91.48,70.75,0.87,0.25,0.09,0.54,0.44,0.6,4.38,16,16,2.11,1,0,57.86,6,8.73,0.91,9.95,21.09,4.46,5.12,3.91,83,6
47,Male,141247,0.08,10,14,6.51,0.29,0.05,9,5.71,2.37,6.96,4.78,93.96,47.14,0.0,0.93,0.37,0.27,0.46,0.6,3.41,4,278,0.24,0,0,1162.7,4,4.6,6.87,5.82,24.24,2.35,3.12,1.81,83,4
45,Female,105604,0.97,3,7,5.79,0.84,0.99,7,4.65,9.19,7.6,6.6,40.35,62.04,1.49,0.65,0.35,0.46,0.79,0.67,8.78,4,469,2.03,4,1,415.95,10,4.66,3.66,7.85,29.9,4.89,4.87,2.88,78,9
33,Male,25791,7.57,19,10,7.83,0.6,2.42,7,5.24,4.59,5.46,4.87,59.09,21.37,5.71,0.07,0.13,0.71,0.41,0.78,3.08,48,269,1.55,9,1,1855.9,10,6.48,4.59,5.51,20.57,14.62,5.59,8.1,60,1
44,Female,94820,2.32,34,20,7.54,3.24,0.97,1,1.64,6.06,2.72,5.12,62.98,83.24,2.32,0.67,0.25,0.51,0.15,0.22,15.19,8,304,0.92,9,0,0.77,5,7.68,3.52,6.6,25.7,8.1,4.3,0.85,41,4
35,Female,37126,1.86,27,4,8.54,3.87,0.36,8,5.26,6.8,6.12,3.94,83.71,59.21,0.64,0.6,0.28,0.15,0.14,0.23,3.94,19,338,0.26,7,1,526.73,2,7.43,4.64,9.34,28.36,3.95,4.91,3.85,67,1
45,Female,85578,3.92,13,22,6.58,1.45,3.65,1,6.35,5.76,6.48,8.38,55.36,82.95,3.79,0.5,0.13,0.59,0.54,0.19,0.97,2,418,2.13,6,0,352.44,5,1.94,5.61,7.9,21.82,4.7,3.48,4.48,55,10
15,Female,58426,7.66,34,17,5.3,0.22,0.34,4,3.73,6.9,3.96,7.06,61.8,62.17,4.68,0.31,0.2,0.13,0.61,0.69,4.73,38,435,1.04,4,0,136.58,5,6.86,3.58,6.7,28.24,15.43,5.35,3.8,64,10
30,Other,93442,1.71,36,8,6.41,0.84,2.12,4,5.61,3.16,7.52,5.9,83.52,85.64,2.23,0.69,0.13,0.7,0.72,0.64,6.9,5,289,1.31,6,1,267.36,6,4.02,1.59,3.87,24.5,2.02,3.5,5.27,97,5
37,Female,69209,10.11,12,5,7.82,4.36,2.97,7,2.96,7.47,0.83,8.17,63.92,93.09,8.09,0.51,0.12,0.6,0.45,0.59,4.19,0,457,2.23,2,1,243.89,3,5.09,5.15,4.52,21.4,15.56,5.53,2.1,66,5
54,Female,58214,4.61,14,18,5.97,0.51,0.9,8,7.07,0.0,9.4,3.44,79.54,85.17,2.39,0.65,0.47,0.63,0.84,0.38,11.09,41,179,4.9,8,0,735.36,7,6.58,0.97,2.96,25.79,7.04,1.08,4.35,27,4
43,Male,63450,3.11,5,19,10.72,0.73,0.1,9,5.07,6.18,6.78,4.16,63.91,44.16,3.9,0.58,0.4,0.5,0.27,0.43,3.53,20,270,2.42,10,1,367.7,10,9.04,5.4,5.98,32.24,8.36,4.05,1.49,72,1
15,Female,22382,4.17,20,5,6.14,9.75,2.65,6,3.93,2.04,3.25,7.0,100.0,69.86,2.46,0.53,0.3,0.63,0.62,0.6,4.3,7,401,0.53,0,1,600.94,10,6.81,4.98,10.0,22.46,8.39,2.5,1.55,10,1
52,Female,41448,6.81,8,15,8.35,0.59,1.66,5,5.42,4.36,6.28,5.82,76.17,64.79,5.31,0.26,0.06,0.33,0.7,0.61,2.88,34,252,2.15,1,0,426.99,0,10.0,3.66,5.11,17.59,8.28,4.81,3.63,42,3
58,Male,92276,6.54,12,13,6.8,6.57,0.2,9,6.35,3.68,7.65,4.69,88.14,82.3,3.76,0.64,0.57,0.41,0.77,0.35,2.61,42,145,2.1,4,0,12.06,4,4.32,6.83,4.42,29.51,17.21,4.57,3.0,32,8
36,Female,134734,3.8,12,2,8.36,3.48,5.79,5,8.2,9.72,4.43,6.58,54.58,73.72,2.44,0.19,0.24,0.51,0.76,0.4,18.53,11,101,1.66,4,0,57.51,10,4.7,7.13,5.06,27.4,7.03,1.61,3.61,39,1
44,Female,140236,8.86,22,16,4.46,0.48,0.07,3,9.03,7.4,10.0,9.02,100.0,87.27,7.1,0.31,0.16,0.29,0.67,0.81,0.93,41,375,1.28,6,1,432.94,4,4.6,7.07,6.57,21.84,11.57,2.66,3.37,67,5
59,Male,44486,0.12,6,20,7.89,0.11,0.76,3,6.22,5.49,5.32,5.64,88.36,100.0,0.0,0.64,0.17,0.4,0.45,0.51,5.32,14,310,1.47,9,1,209.68,2,5.59,5.7,6.24,21.25,9.25,6.23,4.29,77,9
34,Male,120373,0.54,4,21,7.66,1.16,0.2,6,7.66,2.55,4.73,4.77,73.79,61.35,0.0,0.91,0.09,0.72,0.88,0.77,5.92,7,197,1.55,4,0,919.13,10,3.69,7.1,5.38,31.43,1.57,5.4,5.38,75,9
35,Female,92227,1.2,11,19,6.97,0.9,0.28,6,3.26,8.31,3.48,3.77,76.7,49.74,0.0,0.21,0.22,0.32,0.29,0.39,3.93,32,215,1.74,6,0,252.56,5,5.62,1.91,8.12,22.2,4.23,4.99,1.82,96,9
14,Male,12146,1.4,25,22,5.95,0.47,1.66,6,1.78,0.58,5.03,5.41,56.02,64.75,1.54,0.4,0.29,0.28,0.18,0.83,0.53,48,403,0.91,8,1,771.31,1,6.69,4.92,5.88,18.99,6.71,9.1,3.57,37,5
39,Female,51916,1.02,34,19,6.2,4.42,0.76,8,4.82,5.68,6.94,6.87,77.89,84.4,1.35,0.18,0.15,0.55,0.46,0.93,3.88,45,147,0.46,5,1,74.73,10,1.59,5.53,5.51,27.38,4.65,6.32,4.05,37,3
54,Male,42037,2.52,10,11,7.31,9.37,0.4,5,4.76,0.57,5.77,5.12,69.99,50.51,3.24,0.15,0.39,0.27,0.41,0.49,2.74,5,156,3.94,3,1,700.09,7,5.64,5.27,7.34,26.82,7.33,3.42,0.82,66,4
14,Female,36657,5.76,2,23,7.02,6.88,2.8,3,3.69,1.75,3.27,4.41,83.8,68.65,3.97,0.16,0.19,0.39,0.44,0.54,7.32,8,386,1.48,5,0,92.78,0,3.61,5.46,6.64,25.46,9.08,3.87,3.17,2,5
38,Male,85153,2.1,26,21,5.39,3.76,2.7,10,8.56,7.23,6.31,7.52,83.44,53.72,1.77,0.29,0.17,0.15,0.44,0.76,1.57,21,427,0.31,7,0,286.9,7,3.84,1.36,7.47,27.12,5.32,2.91,2.17,55,6
29,Male,30182,6.63,28,4,6.68,4.45,0.26,1,4.12,4.15,5.49,4.55,63.86,75.62,4.55,0.56,0.28,0.19,0.53,0.42,5.31,14,255,1.07,7,1,431.23,5,3.55,3.98,7.39,25.38,13.85,4.56,3.92,75,6
52,Female,149586,3.29,16,20,4.95,1.2,0.9,4,5.36,6.51,6.6,9.89,77.28,64.61,2.46,0.6,0.06,0.5,0.4,0.71,1.89,25,2,3.33,7,0,334.49,1,6.89,3.34,6.82,21.06,9.19,5.27,4.11,69,10
45,Female,118534,4.92,28,22,6.52,0.69,1.93,2,8.34,10.0,6.1,7.69,77.75,87.96,2.63,0.31,0.43,0.5,0.44,0.7,13.02,34,267,2.07,10,1,53.97,9,5.64,6.65,4.56,24.92,9.23,6.56,1.64,74,1
21,Female,21390,7.0,5,0,6.8,0.35,3.2,8,5.17,1.79,4.7,8.37,40.29,78.19,6.33,0.71,0.12,0.68,0.22,0.44,1.51,10,276,2.92,10,1,11.46,9,3.35,3.69,4.04,28.55,15.36,4.2,4.38,66,6
55,Male,50819,14.0,23,12,8.74,3.77,1.31,4,4.27,3.63,6.19,7.94,69.32,71.06,9.28,0.12,0.33,0.31,0.49,0.61,5.69,24,28,2.35,7,1,891.96,4,5.93,6.01,7.17,26.51,30.44,3.25,5.41,17,6
51,Female,5601,6.35,29,12,9.41,4.72,0.63,4,4.59,8.81,6.51,5.44,56.98,78.38,4.74,0.75,0.6,0.13,0.3,0.51,3.76,29,403,1.89,8,1,135.91,7,5.74,3.66,4.76,24.51,7.36,6.6,4.35,16,7
41,Male,86154,1.01,10,24,6.48,1.39,0.97,6,5.62,5.57,10.0,6.08,78.45,76.35,0.0,0.61,0.16,0.25,0.6,0.14,1.97,24,444,4.27,1,1,309.87,9,5.06,6.81,5.18,25.69,1.88,0.74,5.23,97,1
54,Male,133733,8.53,1,15,9.02,0.7,0.46,9,7.9,7.03,7.48,3.13,85.11,65.39,5.43,0.52,0.52,0.78,0.23,0.36,6.22,34,96,2.22,6,1,11.44,1,3.79,7.92,5.81,20.55,12.41,6.03,4.67,64,8
38,Female,69870,0.52,19,7,5.41,3.73,0.07,8,6.9,6.13,5.29,4.3,76.51,82.23,0.0,0.35,0.3,0.38,0.66,0.33,8.58,35,153,0.74,7,0,350.5,10,5.0,3.58,6.19,22.95,1.47,4.02,6.62,29,3
47,Female,71526,2.17,19,9,7.86,8.82,3.91,7,3.88,6.86,6.72,8.28,78.54,82.18,2.44,0.14,0.2,0.15,0.35,0.4,8.71,13,322,1.25,1,0,2253.84,10,8.61,4.99,6.77,21.38,11.24,3.02,6.11,2,5
37,Female,85097,0.8,24,18,8.16,3.6,1.7,8,5.93,7.29,4.88,10.0,58.46,76.09,0.49,0.21,0.29,0.39,0.71,0.55,6.32,47,498,0.91,7,1,34.31,8,5.91,4.6,6.46,21.48,4.93,8.07,3.69,12,7
36,Male,17652,5.89,3,19,7.93,0.16,5.08,2,1.41,0.0,5.0,5.63,85.5,57.86,5.21,0.35,0.06,0.27,0.13,0.44,1.34,46,492,2.17,7,0,75.67,3,6.24,3.64,9.55,16.09,6.6,2.38,3.52,67,6
25,Male,10882,2.92,36,21,4.32,0.92,3.53,1,8.1,7.56,4.23,9.92,67.78,51.15,2.51,0.37,0.48,0.62,0.83,0.64,18.35,24,81,1.06,5,0,257.18,1,3.78,7.23,5.99,18.3,4.98,4.46,4.22,77,10
19,Female,147576,11.74,18,8,5.87,1.68,1.45,8,3.29,10.0,5.22,8.14,41.36,80.55,7.7,0.64,0.4,0.83,0.81,0.71,7.3,37,2,0.91,6,1,234.68,2,4.44,2.46,4.84,24.01,13.65,5.29,6.93,63,6
48,Female,22540,3.49,13,5,8.43,2.47,2.29,5,7.46,1.86,5.34,5.91,63.33,48.16,1.99,0.36,0.75,0.78,0.8,0.49,1.25,31,473,0.8,8,1,21.4,4,9.46,0.68,6.76,19.66,8.22,5.73,3.09,19,1
57,Male,22745,0.69,35,22,5.76,0.27,4.44,2,3.57,3.04,6.29,6.84,69.14,66.57,1.1,0.78,0.34,0.47,0.14,0.44,5.17,18,86,0.79,7,1,407.58,10,3.93,3.92,5.55,22.54,2.3,7.19,4.19,80,5
32,Male,81003,2.23,6,12,6.14,1.12,1.16,2,7.28,0.0,2.97,8.6,80.51,71.72,1.63,0.36,0.29,0.48,0.13,0.69,5.81,41,244,0.16,9,1,951.9,2,4.32,5.93,3.51,26.3,5.39,5.98,1.13,37,8
13,Male,76925,4.09,36,1,7.75,1.08,0.55,5,2.91,6.64,2.45,3.62,37.78,62.23,1.65,0.5,0.07,0.6,0.25,0.39,4.77,48,217,1.3,10,1,505.44,4,7.3,6.71,4.8,19.16,6.75,4.7,3.63,90,6
20,Female,108535,6.44,3,20,8.47,2.95,6.89,9,5.87,7.37,8.62,5.09,80.21,71.92,5.9,0.47,0.16,0.48,0.58,0.61,11.17,38,441,0.65,3,0,566.97,2,2.65,3.45,6.95,26.16,7.18,7.0,2.47,18,1
58,Male,31261,3.85,4,7,7.55,1.03,3.15,10,5.23,6.18,1.44,4.73,78.26,87.31,3.13,0.96,0.33,0.65,0.7,0.54,4.26,48,423,9.66,3,1,11.57,0,4.43,4.58,7.97,26.16,5.98,5.85,1.48,40,1
28,Male,16495,3.36,23,1,5.74,1.17,4.17,3,3.44,10.0,8.35,8.63,80.02,70.76,4.34,0.65,0.29,0.34,0.24,0.79,6.85,38,306,2.36,4,0,89.97,6,4.49,2.88,5.45,30.2,11.65,4.17,4.75,51,9
26,Female,55049,3.72,29,11,6.18,0.74,5.17,6,5.99,0.48,7.11,2.25,60.78,69.22,1.41,0.65,0.04,0.47,0.06,0.44,0.48,8,136,1.57,8,1,441.66,2,5.13,6.97,2.9,25.48,9.53,9.23,7.46,80,10
24,Male,40571,2.41,18,15,6.44,5.44,1.77,4,4.89,2.75,5.97,6.72,81.28,69.33,2.08,0.36,0.16,0.12,0.87,0.56,10.43,23,95,0.15,10,1,80.13,8,2.2,2.17,7.66,24.74,17.32,6.15,5.59,55,10
35,Female,124821,5.35,22,11,8.67,0.55,3.32,8,4.22,9.19,7.25,7.27,54.29,60.0,4.78,0.59,0.18,0.5,0.51,0.61,0.61,2,87,3.55,4,1,26.26,5,4.47,2.86,4.17,26.99,8.41,6.22,5.14,38,1
27,Female,53076,4.64,20,20,8.22,0.0,1.49,1,4.83,3.31,5.02,5.93,100.0,74.11,2.58,0.65,0.34,0.45,0.79,0.25,1.83,7,47,0.26,7,1,611.27,10,1.04,3.87,5.95,24.55,8.28,4.41,4.84,94,8
40,Male,38468,6.01,11,11,4.27,3.27,11.72,3,4.24,0.0,1.97,5.41,73.46,67.35,3.32,0.55,0.23,0.33,0.23,0.12,5.8,13,75,0.6,6,1,200.85,5,4.6,4.72,4.58,23.85,11.03,3.57,4.74,46,4
46,Female,8743,5.41,36,15,6.19,2.51,2.53,2,4.66,2.97,5.3,4.37,57.94,48.14,4.18,0.08,0.17,0.29,0.47,0.93,9.26,32,459,5.66,9,1,23.96,8,1.76,9.76,5.21,25.9,8.07,2.6,3.45,92,1
14,Female,53630,2.96,18,16,7.66,0.86,0.33,4,4.07,10.0,2.4,2.77,77.86,55.35,3.27,0.47,0.28,0.17,0.7,0.6,5.89,36,50,1.87,10,1,42.83,5,2.87,0.59,7.82,19.33,4.95,9.46,2.55,11,10
44,Male,52092,1.61,25,11,6.21,0.77,0.74,9,3.04,4.34,3.97,4.2,72.34,76.87,0.7,0.75,0.19,0.65,0.38,0.43,11.58,43,263,2.82,3,1,369.09,10,5.94,6.27,8.1,21.74,7.41,5.45,4.12,36,5
35,Female,147284,7.57,4,22,8.84,1.99,0.61,5,7.57,5.61,4.71,4.94,80.92,60.44,6.52,0.62,0.2,0.17,0.65,0.89,7.91,49,87,6.59,3,1,289.61,4,3.54,3.82,5.58,22.82,12.15,7.12,7.75,31,5
34,Male,77004,2.01,27,4,7.93,5.07,0.86,3,6.1,8.45,5.5,4.0,74.5,83.38,3.52,0.67,0.22,0.22,0.88,0.36,3.11,18,400,1.79,2,1,775.45,4,6.43,2.5,8.0,20.9,4.22,4.24,0.0,75,3
37,Male,32684,2.35,16,17,5.45,1.16,1.23,5,7.8,5.27,7.98,9.67,90.94,82.27,1.57,0.58,0.4,0.54,0.51,0.15,8.33,28,307,0.31,3,0,1250.28,4,3.96,4.86,5.35,19.14,8.48,5.05,3.47,63,1
34,Female,14376,7.55,1,0,7.51,0.38,0.98,6,2.52,7.04,6.95,3.95,68.82,88.4,6.13,0.08,0.08,0.52,0.4,0.4,8.16,7,183,3.04,0,1,163.64,8,3.37,3.07,6.0,18.46,10.89,6.77,5.24,9,7
34,Female,59911,1.38,9,6,8.04,6.28,1.02,1,5.22,6.59,8.3,9.01,83.14,86.4,1.15,0.25,0.26,0.26,0.89,0.19,13.11,45,105,3.56,5,0,887.84,8,4.13,4.76,5.3,28.29,6.71,9.15,3.59,4,2
54,Female,29350,5.07,10,19,7.48,0.52,3.6,6,6.61,2.24,6.4,9.09,83.7,83.44,3.59,0.24,0.52,0.4,0.66,0.72,7.09,24,76,1.19,10,0,500.18,6,2.96,6.53,6.72,26.59,6.14,4.25,2.07,78,7
18,Female,127349,2.85,9,16,8.92,1.01,9.99,1,7.15,5.49,6.16,6.09,52.23,96.46,3.61,0.67,0.15,0.47,0.86,0.42,5.46,5,253,0.49,2,1,764.48,6,3.88,3.02,7.85,20.45,11.55,0.17,3.3,66,5
27,Female,121648,5.33,39,24,5.98,1.65,6.25,4,2.52,7.31,5.26,4.17,67.76,83.1,3.32,0.16,0.46,0.13,0.81,0.73,4.29,48,62,2.02,1,1,591.76,9,6.01,2.68,7.79,27.32,9.48,0.0,2.5,87,3
55,Female,138868,4.49,36,19,6.63,0.61,0.01,10,5.1,6.9,5.39,4.59,66.2,79.27,3.13,0.21,0.1,0.66,0.59,0.52,3.48,40,499,0.27,5,0,1218.89,3,6.48,4.05,6.26,27.28,18.77,5.88,3.55,17,8
49,Female,34709,0.32,16,8,7.02,5.81,6.56,5,9.48,5.99,5.7,8.89,82.67,84.22,0.0,0.33,0.23,0.36,0.78,0.6,4.66,39,179,2.3,10,0,988.64,3,6.87,4.35,5.07,25.65,5.82,0.75,4.26,9,6
45,Male,147308,3.43,31,4,4.75,0.08,2.8,6,2.88,3.06,7.22,4.07,73.38,62.84,4.18,0.85,0.43,0.24,0.56,0.29,3.85,31,87,2.97,4,0,282.62,10,5.94,6.15,4.84,20.24,8.19,3.86,1.98,84,10
20,Female,121215,3.78,23,13,5.03,3.65,1.2,1,6.99,4.5,9.93,7.81,47.44,64.31,2.41,0.43,0.21,0.41,0.72,0.36,7.52,8,93,2.46,6,1,665.18,0,6.45,2.96,8.3,30.0,6.24,5.25,3.49,91,10
56,Male,80914,0.92,27,6,6.23,0.86,0.29,3,5.84,7.85,4.3,6.72,65.05,57.98,0.0,0.16,0.7,0.51,0.27,0.15,10.36,7,118,1.31,4,0,124.17,2,9.61,5.41,4.47,23.54,4.07,5.98,4.72,85,9
56,Male,76470,2.98,25,15,5.84,1.26,0.01,4,3.81,4.35,8.6,5.18,62.86,100.0,3.42,0.7,0.2,0.47,0.65,0.16,10.04,0,389,2.67,5,0,124.37,3,1.75,4.53,3.51,23.53,7.71,6.6,3.8,75,1
17,Male,12967,6.85,6,15,4.85,2.77,0.21,8,4.66,6.96,9.02,4.85,76.59,62.05,2.15,0.56,0.2,0.74,0.26,0.53,4.34,43,110,1.22,4,0,1688.03,0,5.59,4.21,5.5,22.61,9.3,4.65,1.62,69,2
51,Female,92865,7.16,25,4,9.27,3.39,0.09,6,0.79,2.67,6.55,4.06,64.81,58.71,5.02,0.58,0.17,0.67,0.9,0.62,3.81,11,362,2.54,9,0,1202.67,9,3.25,4.54,10.0,23.21,22.52,5.27,2.69,20,8
16,Female,14137,5.36,12,4,8.79,0.59,4.28,2,6.36,6.63,7.8,3.47,56.8,51.0,3.43,0.59,0.38,0.29,0.87,0.79,5.57,30,466,1.32,3,0,529.21,9,5.03,7.26,4.93,29.16,15.69,2.91,7.91,24,6
18,Other,69707,4.71,17,15,6.81,1.88,1.11,7,3.18,5.87,3.93,5.94,100.0,93.94,2.91,0.9,0.18,0.42,0.51,0.6,7.44,18,101,4.98,7,0,59.67,6,3.19,4.47,4.31,23.05,8.67,3.81,3.47,29,9
57,Female,108710,1.88,13,8,7.27,1.57,1.97,10,3.93,3.26,6.32,6.7,66.58,77.13,0.47,0.51,0.36,0.11,0.54,0.3,5.88,27,100,0.28,1,1,522.51,1,5.81,2.21,6.81,21.2,4.22,4.3,5.62,45,10
44,Female,36106,2.68,9,3,8.32,0.15,4.38,1,5.12,9.69,5.0,3.54,89.79,82.89,2.81,0.24,0.14,0.22,0.36,0.61,3.98,27,105,0.63,2,0,255.59,3,1.97,4.04,8.57,22.68,9.15,8.48,5.08,26,4
42,Male,76400,3.76,7,17,7.25,0.58,4.09,9,5.69,6.19,6.65,10.0,67.9,62.19,4.93,0.32,0.2,0.41,0.66,0.62,0.93,21,323,1.41,9,1,501.44,6,7.56,5.49,8.53,30.47,4.59,8.89,1.37,98,5
59,Male,37909,3.03,19,5,6.58,0.49,0.25,4,4.2,3.4,6.49,7.17,68.95,56.11,2.17,0.62,0.46,0.48,0.52,0.3,4.26,44,422,1.52,5,0,602.21,2,3.82,3.64,5.83,23.3,16.41,5.28,2.0,67,7
47,Male,82954,5.14,13,18,8.35,1.31,1.7,3,3.46,2.32,5.27,8.97,60.58,86.16,4.6,0.46,0.35,0.35,0.61,0.68,1.79,35,332,1.17,5,1,1537.72,4,2.82,4.12,2.51,29.75,6.93,6.2,5.82,74,6
52,Male,78880,3.01,17,23,8.03,3.82,0.76,3,7.58,5.43,5.94,2.23,57.17,80.57,2.86,0.3,0.17,0.3,0.58,0.38,4.9,44,326,1.18,9,1,36.48,2,8.24,5.4,6.94,21.38,5.82,3.68,4.55,46,10
28,Female,72712,6.67,37,9,7.72,0.17,5.63,6,4.7,9.19,6.64,6.5,91.97,34.42,4.74,0.28,0.37,0.49,0.18,0.24,7.41,48,22,5.83,6,0,950.62,7,0.17,2.74,3.12,25.83,13.84,2.69,6.2,61,8
25,Female,62781,4.19,23,17,8.66,10.61,3.07,7,7.9,8.91,9.86,3.78,76.64,100.0,4.26,0.26,0.08,0.6,0.31,0.72,1.98,21,342,1.57,7,0,339.13,0,5.51,5.83,5.54,21.64,5.2,5.69,3.65,16,7
54,Male,88905,0.58,5,16,7.54,1.11,4.65,5,5.88,2.87,6.62,7.81,66.67,75.13,1.13,0.84,0.3,0.3,0.59,0.63,8.08,48,405,0.21,1,0,122.14,2,7.31,8.79,6.25,31.44,4.06,1.31,5.12,92,4
42,Female,140811,17.66,17,1,7.88,0.01,2.5,8,7.65,5.28,5.13,5.82,82.32,76.04,10.0,0.05,0.1,0.48,0.6,0.07,6.88,37,181,4.38,7,0,207.49,10,4.98,7.33,8.34,21.21,23.89,4.53,3.36,85,6
31,Female,51208,2.88,21,1,6.59,0.03,3.74,3,7.64,2.27,6.25,5.92,39.31,81.33,0.99,0.46,0.03,0.32,0.16,0.52,11.76,44,169,2.49,0,1,1177.75,2,6.04,6.01,4.09,23.47,4.35,3.68,3.6,73,7
29,Male,137207,5.46,30,19,6.93,0.33,2.93,7,3.86,2.29,8.92,8.35,73.83,78.04,4.46,0.34,0.22,0.5,0.9,0.52,3.01,37,358,1.55,0,0,142.48,3,2.38,5.21,5.1,21.66,9.82,5.33,4.39,58,8
31,Female,108388,0.27,27,15,5.7,0.33,0.53,2,4.5,4.75,6.58,6.81,71.75,64.11,1.05,0.74,0.64,0.22,0.07,0.51,7.67,7,413,0.99,2,0,6.17,9,4.83,1.81,7.11,22.59,3.23,1.48,3.76,1,8
40,Male,50188,7.13,14,23,6.9,4.44,0.63,1,3.56,3.74,7.51,2.49,75.28,69.44,2.73,0.32,0.45,0.26,0.51,0.19,1.23,10,51,0.97,3,0,730.87,9,4.03,5.2,7.13,25.37,9.63,4.18,2.97,27,8
38,Female,19980,1.07,3,15,7.22,2.25,7.58,3,7.83,6.09,5.43,7.19,53.08,66.73,0.56,0.54,0.16,0.48,0.81,0.86,8.71,22,15,1.2,6,0,184.87,7,6.39,2.87,0.45,21.71,4.31,3.27,0.37,29,7
49,Female,18693,2.04,14,13,10.38,2.35,0.13,7,4.39,9.91,7.75,5.58,62.74,92.95,1.1,0.36,0.12,0.26,0.93,0.67,8.77,12,308,4.77,5,0,1853.1,2,3.97,7.63,5.77,18.79,4.28,9.34,1.95,46,7
38,Male,78200,0.5,38,22,6.97,3.59,0.19,3,3.45,6.75,6.02,6.35,67.42,66.24,0.42,0.31,0.15,0.09,0.64,0.69,0.46,31,203,0.9,7,1,801.36,3,4.99,4.92,6.9,23.89,3.82,2.02,5.87,98,5
35,Other,138643,5.49,26,11,9.7,2.02,0.06,3,5.06,6.19,5.19,4.12,66.65,72.17,2.74,0.43,0.35,0.49,0.92,0.65,1.69,16,278,0.89,10,0,91.19,5,5.54,8.38,7.35,21.4,5.82,3.67,1.3,95,8
21,Female,46394,2.65,24,0,7.61,1.85,3.46,2,2.93,3.22,6.47,5.71,82.41,92.54,2.17,0.3,0.4,0.16,0.98,0.29,7.79,5,391,6.41,8,0,770.23,9,4.53,6.23,6.83,14.95,6.01,3.18,4.38,79,3
24,Female,114666,1.96,33,9,7.69,0.34,2.78,3,2.38,8.32,2.31,1.46,93.28,66.69,0.8,0.55,0.06,0.78,0.45,0.73,3.27,36,355,1.69,8,0,1036.9,1,1.91,6.26,5.97,30.08,5.92,4.31,5.09,19,8
13,Female,145981,6.7,20,4,6.21,2.64,1.0,4,0.44,6.15,7.5,6.52,75.26,74.36,5.68,0.56,0.38,0.25,0.08,0.74,13.16,49,61,2.95,10,0,168.38,0,5.0,6.24,5.84,28.06,12.41,5.5,2.44,50,8
13,Female,60382,3.41,27,15,7.37,0.69,0.93,7,3.19,2.26,7.89,7.27,74.42,90.24,3.12,0.91,0.13,0.57,0.64,0.37,7.53,47,130,3.55,3,1,387.84,10,7.22,4.08,5.22,23.13,7.16,7.39,5.28,65,9
59,Male,121927,8.5,12,6,6.27,3.31,0.08,8,5.68,6.43,8.84,8.32,81.92,86.15,5.71,0.5,0.33,0.22,0.51,0.53,7.45,10,44,1.56,2,1,197.55,4,6.29,6.79,8.62,21.87,12.7,3.41,6.79,44,1
46,Female,67919,5.17,3,3,6.27,4.58,3.94,7,4.01,7.37,6.75,8.67,66.66,79.11,3.5,0.75,0.32,0.35,0.79,0.17,3.29,43,477,7.28,8,0,390.96,9,3.33,4.17,5.8,27.72,5.34,2.61,3.64,30,7
44,Female,41436,0.74,24,11,6.72,0.96,0.09,6,7.51,6.2,4.16,7.5,86.47,74.9,0.0,0.62,0.17,0.23,0.34,0.05,7.66,34,238,2.08,0,1,601.45,0,1.6,4.18,6.27,18.49,1.25,6.24,2.79,36,7
37,Male,5080,3.71,11,24,5.74,2.64,2.36,4,6.59,7.22,6.47,9.29,50.44,82.47,2.62,0.5,0.47,0.19,0.63,0.56,2.57,42,280,1.35,5,1,1072.6,5,4.16,5.47,2.13,21.58,11.4,2.79,7.22,84,6
52,Male,116605,2.27,34,10,6.65,3.29,1.66,5,4.71,8.25,7.86,5.09,61.72,97.29,1.95,0.86,0.3,0.17,0.1,0.51,7.14,47,411,0.22,6,1,263.61,0,2.33,4.03,7.93,21.54,2.89,1.91,6.54,26,2
57,Female,149698,8.11,30,1,9.3,4.01,0.63,4,5.86,4.88,7.86,4.85,42.69,62.09,5.42,0.52,0.42,0.05,0.51,0.62,2.47,14,447,2.55,0,1,412.55,1,7.22,4.2,4.07,20.87,10.49,5.82,1.2,52,8
13,Female,75127,4.04,16,4,7.19,0.4,5.16,3,6.02,1.7,3.51,4.33,61.72,63.21,4.92,0.57,0.07,0.28,0.58,0.54,5.63,11,355,1.34,5,0,129.48,4,4.87,6.16,5.51,25.88,11.0,8.34,3.95,93,10
28,Female,96857,2.14,21,3,8.5,0.91,0.66,2,4.53,2.1,6.1,5.31,60.92,75.5,2.62,0.18,0.26,0.85,0.45,0.49,8.27,23,484,1.81,7,1,842.72,1,6.14,7.27,6.75,31.34,6.85,8.18,5.81,81,2
51,Female,22722,7.15,25,15,4.35,5.82,0.62,7,5.09,5.82,6.19,4.41,43.22,41.25,5.46,0.61,0.39,0.55,0.33,0.35,1.71,24,217,1.67,7,1,2421.08,4,10.0,4.78,8.29,23.39,13.92,3.87,0.61,36,1
17,Female,30733,1.35,29,9,5.78,0.42,0.89,8,6.48,2.38,5.65,5.79,52.12,96.46,0.38,0.36,0.03,0.41,0.66,0.11,14.35,5,102,0.79,3,1,886.55,10,7.28,3.29,5.73,21.69,3.33,5.08,5.94,23,8
34,Female,114281,2.71,32,4,7.03,1.48,0.44,6,5.5,3.87,4.45,8.95,67.45,60.25,2.5,0.37,0.47,0.43,0.7,0.54,8.97,4,157,0.49,0,1,237.49,4,6.92,8.98,4.8,20.71,8.25,5.49,1.78,59,1
41,Male,57539,12.54,22,2,10.1,1.54,1.33,4,5.1,5.0,5.46,5.5,42.09,63.22,9.25,0.87,0.25,0.48,0.45,0.58,2.1,49,234,1.69,8,1,287.95,1,5.34,0.9,7.38,26.42,19.43,5.36,3.46,27,3
15,Female,113544,3.7,27,18,8.29,0.11,2.19,9,5.23,6.39,8.22,5.02,56.73,87.52,2.77,0.84,0.32,0.26,0.23,0.6,0.84,11,415,2.99,2,1,1254.28,1,3.57,2.81,9.98,20.2,10.83,7.64,2.9,84,2
24,Female,76001,2.5,7,4,5.0,0.77,0.46,6,3.06,8.08,3.97,5.0,100.0,58.28,2.04,0.77,0.29,0.36,0.44,0.56,17.9,21,69,5.61,8,1,1071.2,5,9.36,5.03,4.01,26.47,9.33,2.72,2.12,68,6
38,Female,113508,1.1,39,5,6.72,3.26,0.08,5,4.34,3.77,5.9,7.97,88.34,86.94,0.51,0.47,0.37,0.7,0.4,0.72,20.18,49,31,4.58,0,0,137.72,7,7.1,7.02,7.46,29.44,4.88,3.69,0.0,93,6
28,Female,60768,2.98,2,14,5.19,1.6,2.46,3,7.11,3.58,9.93,7.21,76.49,85.47,0.85,0.71,0.1,0.54,0.6,0.66,11.58,30,216,2.77,6,1,151.65,8,3.59,5.37,8.47,26.35,4.92,4.0,4.49,86,2
49,Male,64801,6.95,4,0,4.49,0.23,2.0,7,4.18,5.06,8.59,3.94,56.63,76.4,4.76,0.52,0.54,0.6,0.55,0.33,7.66,7,473,1.39,0,0,675.69,5,7.76,8.53,1.66,17.17,9.68,8.56,1.61,13,2
34,Male,43927,4.05,34,11,8.27,0.28,3.3,7,5.85,0.0,4.98,10.0,84.52,60.19,2.6,0.42,0.21,0.31,0.65,0.33,3.7,30,319,2.53,3,1,541.89,6,4.43,4.33,5.08,28.41,4.62,6.95,6.6,46,4
41,Female,83472,4.83,34,19,3.69,0.05,1.07,3,2.64,5.32,0.17,3.55,63.07,86.89,2.84,0.21,0.36,0.33,0.82,0.7,4.83,20,357,1.05,6,0,29.27,8,4.61,8.79,4.31,25.1,10.41,6.39,6.59,4,1
26,Female,73575,5.84,23,19,7.63,0.17,0.62,8,6.64,0.87,8.19,5.8,69.87,50.56,4.85,0.33,0.45,0.42,0.44,0.63,8.92,44,343,0.7,8,1,23.82,2,4.51,6.08,7.35,25.71,12.02,3.45,6.28,97,6
40,Male,23368,3.77,14,14,9.11,0.54,3.68,1,4.61,5.44,6.97,5.16,86.23,68.68,1.39,0.37,0.63,0.18,0.85,0.12,8.9,33,160,5.76,10,0,503.61,6,4.29,6.63,4.67,23.35,7.63,4.01,1.04,50,6
17,Female,136131,7.41,38,12,6.22,1.79,0.24,8,3.81,9.0,7.68,6.8,80.21,67.25,6.03,0.77,0.14,0.69,0.63,0.47,17.43,45,303,3.48,5,1,263.31,8,2.8,4.58,4.54,28.19,9.4,4.81,6.38,35,8
59,Male,86241,2.65,14,24,7.7,0.41,1.73,1,4.23,7.82,6.44,6.94,85.1,58.3,0.99,0.72,0.28,0.48,0.34,0.21,8.36,5,112,0.48,10,1,270.28,7,7.93,4.14,5.15,32.2,6.71,5.34,6.07,31,5
42,Female,79418,2.19,13,18,7.25,5.73,4.46,8,2.44,0.09,4.37,3.21,59.87,84.57,2.61,0.52,0.14,0.41,0.26,0.49,6.45,13,327,1.08,2,0,877.61,10,3.7,5.7,7.34,20.71,3.01,6.64,0.0,98,10
58,Male,105998,2.95,30,22,8.36,0.87,0.54,2,4.79,1.53,6.97,3.87,39.37,90.97,2.1,0.72,0.25,0.42,0.21,0.86,5.07,3,399,1.69,4,0,118.66,2,4.61,6.35,7.11,17.17,4.89,3.34,5.34,56,7
17,Female,86863,1.87,17,16,7.35,0.55,4.05,10,5.11,7.22,9.0,3.12,82.37,58.47,0.5,0.77,0.4,0.15,0.32,0.57,23.44,12,11,3.55,6,0,115.2,8,3.75,7.94,6.11,32.63,5.47,4.14,4.82,1,1
24,Male,57251,3.18,28,7,5.63,3.06,4.2,9,7.3,6.62,7.01,5.04,100.0,82.87,1.04,0.55,0.42,0.25,0.87,0.48,4.69,39,433,1.84,1,0,276.77,8,3.64,6.23,6.1,22.43,3.71,2.37,2.36,74,10
28,Male,32436,6.24,22,22,6.36,2.51,1.48,9,8.71,3.55,8.53,9.11,54.94,49.58,4.17,0.71,0.42,0.42,0.7,0.11,11.03,36,281,0.39,1,0,786.5,6,3.67,6.21,8.22,22.93,11.68,4.09,4.34,62,2
38,Female,106557,0.76,39,20,5.65,0.24,1.19,6,7.84,6.59,9.47,5.5,67.76,93.79,0.0,0.44,0.26,0.24,0.28,0.66,2.07,42,94,5.57,5,1,1732.78,1,3.46,3.44,7.3,28.37,9.76,5.33,3.01,76,6
38,Female,72747,3.28,1,9,6.95,1.68,0.33,4,6.14,5.14,4.47,8.05,72.88,52.07,1.71,0.26,0.06,0.23,0.11,0.14,10.63,26,302,3.78,10,0,1144.45,5,1.43,6.96,7.92,23.52,7.69,4.46,2.72,1,2
33,Male,21413,3.41,16,8,6.58,1.27,8.31,5,2.17,3.0,5.2,5.73,63.86,54.59,2.73,0.12,0.46,0.26,0.44,0.69,10.58,29,327,2.26,8,0,1546.27,1,2.22,5.25,5.33,27.55,8.64,1.86,8.1,70,8
51,Female,91953,1.14,28,22,6.28,2.59,8.19,5,5.07,5.11,6.93,8.22,67.58,70.65,1.6,0.44,0.18,0.09,0.54,0.42,6.21,13,332,1.91,10,1,20.56,3,4.46,5.78,7.48,24.6,1.89,5.92,5.27,82,9
48,Female,53158,3.09,21,24,5.15,1.21,0.24,5,5.13,4.7,5.96,10.0,57.97,62.57,2.15,0.25,0.28,0.41,0.44,0.69,3.22,40,354,1.53,2,1,1056.47,5,3.61,5.98,7.41,29.05,9.07,2.67,2.62,8,3
45,Male,17475,0.75,25,0,9.77,6.9,0.3,4,6.31,1.98,4.44,7.4,66.73,70.85,0.0,0.88,0.44,0.68,0.39,0.77,2.88,38,492,4.28,3,1,418.36,6,4.47,3.98,5.48,18.64,3.53,6.91,6.77,90,4
42,Female,139077,3.53,1,18,7.34,1.57,0.8,9,0.0,7.7,3.38,7.24,87.96,59.36,3.66,0.12,0.19,0.21,0.71,0.34,5.78,41,125,0.53,8,1,285.91,7,2.79,5.13,4.09,27.18,8.92,5.13,4.63,98,2
49,Male,91574,1.66,21,14,8.41,1.0,3.25,4,5.19,4.67,5.54,4.43,70.99,64.97,0.96,0.5,0.36,0.6,0.47,0.84,5.66,1,405,4.02,10,0,1131.96,8,3.44,6.47,4.45,16.14,6.2,2.56,3.17,14,3
35,Female,74287,4.59,2,20,9.02,0.49,2.02,2,2.52,5.94,10.0,6.56,73.93,89.71,2.78,0.65,0.12,0.36,0.47,0.58,5.95,13,415,1.62,2,0,964.99,10,5.93,4.4,5.09,21.71,8.14,5.56,3.71,11,2
22,Female,96284,0.36,18,5,6.47,0.71,9.37,3,3.09,4.73,6.65,3.6,61.19,61.35,0.0,0.62,0.25,0.25,0.77,0.44,5.32,31,370,4.37,1,1,223.39,5,7.28,4.14,5.93,16.06,4.56,3.37,4.11,30,10
17,Male,14652,11.39,2,7,4.63,0.03,2.88,4,3.77,0.0,5.59,4.22,67.16,66.18,7.52,0.62,0.17,0.4,0.47,0.26,11.87,29,3,2.61,4,0,851.49,5,4.75,3.23,10.0,30.22,13.62,6.99,4.52,89,8
48,Male,62919,0.99,5,22,3.08,0.89,0.75,7,3.49,5.25,5.88,7.28,56.41,75.15,0.0,0.22,0.29,0.4,0.61,0.37,4.18,32,254,0.46,0,0,273.14,7,7.18,2.81,4.62,23.46,2.38,2.31,1.42,11,7
46,Female,88000,2.85,28,15,7.08,1.15,0.76,3,4.09,2.09,5.43,4.07,55.68,75.13,2.0,0.67,0.2,0.68,0.21,0.43,10.31,4,294,2.7,9,1,139.38,1,4.33,5.64,6.88,22.04,3.52,3.55,4.71,50,10
43,Male,106784,1.33,27,6,6.26,2.87,0.33,3,5.95,3.08,8.66,5.13,61.0,77.42,0.0,0.4,0.21,0.38,0.35,0.51,6.37,7,214,4.14,9,1,393.04,9,5.27,2.73,8.07,17.58,5.43,4.98,5.25,75,10
22,Male,63568,7.8,13,3,7.37,0.91,3.32,4,7.8,3.02,9.12,3.29,61.42,89.28,4.83,0.63,0.3,0.45,0.76,0.64,5.9,3,406,6.94,10,0,534.27,1,4.41,2.86,6.63,21.68,11.46,4.36,3.66,70,6
31,Male,148946,3.96,37,21,5.15,1.4,1.27,6,6.23,2.35,4.57,6.34,61.63,89.96,2.48,0.13,0.25,0.25,0.78,0.74,4.11,35,423,3.07,3,1,1887.33,9,6.08,6.56,3.26,31.29,5.66,4.69,3.91,13,8
44,Female,29025,6.01,37,9,6.25,1.14,0.28,9,10.0,6.1,5.09,5.74,58.1,49.75,2.47,0.56,0.17,0.92,0.7,0.27,3.03,4,266,2.31,7,0,261.97,8,2.5,8.54,5.25,33.12,7.54,5.84,3.11,28,10
13,Male,143019,2.55,19,20,8.13,1.21,3.53,9,4.51,2.24,4.64,6.02,92.21,100.0,3.19,0.57,0.63,0.68,0.68,0.48,7.81,43,112,1.28,6,1,86.62,10,2.27,9.06,5.8,17.04,6.17,5.78,2.77,94,4
17,Male,145185,5.49,36,2,4.65,1.7,1.04,2,5.03,6.36,4.45,6.01,49.02,81.8,3.8,0.54,0.35,0.43,0.41,0.23,7.41,17,136,3.15,3,1,228.21,1,1.84,3.95,4.39,22.18,7.53,3.5,3.65,51,4
57,Female,131818,4.9,25,21,6.35,3.29,2.76,8,2.22,5.42,2.95,6.03,70.51,44.73,3.23,0.51,0.07,0.3,0.22,0.43,9.84,29,462,2.98,4,1,238.07,9,2.16,3.66,6.94,25.26,7.56,6.32,0.67,30,10
16,Male,68107,3.6,10,0,7.44,3.94,0.77,7,6.05,4.88,5.41,5.87,73.82,99.7,0.81,0.44,0.32,0.13,0.57,0.96,11.2,1,126,3.76,7,1,685.85,1,6.47,7.3,8.45,25.25,10.72,10.0,3.45,91,2
28,Male,49856,0.96,35,10,5.19,1.02,7.54,1,3.59,2.25,7.1,3.8,91.74,89.03,1.17,0.6,0.3,0.33,0.55,0.56,9.92,3,200,3.01,10,1,492.98,4,6.31,2.56,5.73,22.04,3.35,6.84,5.13,76,10
36,Female,73470,2.08,21,10,7.92,7.84,0.67,10,4.53,7.55,5.42,7.14,92.99,80.22,1.67,0.78,0.4,0.51,0.62,0.82,4.37,20,479,5.05,1,1,52.79,8,5.23,4.47,7.6,22.86,6.1,5.69,4.67,86,2
28,Female,5804,7.91,13,11,7.54,1.8,0.82,2,5.13,7.21,5.79,4.21,68.38,70.87,4.83,0.41,0.1,0.45,0.51,0.73,2.18,49,243,2.63,5,1,117.39,9,7.35,5.56,6.37,20.4,9.36,5.75,0.6,62,1
14,Female,16780,0.23,39,9,7.78,0.04,0.81,7,3.95,0.7,6.69,6.42,70.71,56.89,0.74,0.78,0.27,0.51,0.52,0.3,8.26,39,150,2.73,0,1,205.04,7,8.29,0.12,4.63,26.08,6.97,1.17,3.69,92,8
40,Male,115953,1.89,37,6,10.21,0.69,0.11,6,5.92,1.36,4.35,7.47,57.3,47.47,0.38,0.96,0.15,0.58,0.66,0.25,12.14,33,250,0.89,0,1,21.06,1,3.7,4.6,8.52,19.91,2.33,5.59,3.55,89,5
44,Male,34379,0.75,10,8,7.33,6.5,2.11,10,3.6,5.0,4.56,5.32,72.3,33.18,0.0,0.35,0.47,0.45,0.3,0.11,1.63,2,81,2.69,1,1,871.64,8,8.8,4.37,6.6,22.38,10.62,3.63,4.14,89,6
39,Male,133292,3.31,11,10,8.52,1.18,2.08,6,5.86,7.38,6.87,7.32,95.13,69.41,2.08,0.73,0.27,0.42,0.35,0.83,0.9,12,300,2.98,5,1,890.68,9,2.84,2.81,9.77,24.72,6.12,8.06,2.96,84,1
32,Male,13368,3.07,28,0,7.51,1.35,0.15,8,3.55,4.48,8.89,6.02,73.95,90.53,3.48,0.53,0.12,0.41,0.71,0.64,1.72,10,421,0.48,8,0,829.7,7,4.65,5.01,2.73,24.24,10.82,6.73,3.49,65,4
36,Female,133398,2.41,38,4,7.91,0.53,1.52,7,6.25,4.89,8.62,7.96,81.92,51.51,0.86,0.62,0.3,0.47,0.31,0.48,4.58,44,216,1.44,0,1,1203.58,8,6.38,3.86,6.23,19.37,4.6,6.34,7.57,81,5
24,Female,143051,0.7,15,10,6.85,0.34,1.66,5,3.67,4.05,8.12,6.02,61.86,48.08,0.46,0.86,0.03,0.73,0.36,0.41,6.21,14,190,1.22,9,0,680.96,1,4.27,3.64,3.87,25.48,1.74,3.48,5.11,97,9
47,Female,65738,10.95,31,16,9.65,1.85,0.55,1,0.24,4.52,6.57,3.89,100.0,65.56,9.1,0.13,0.31,0.31,0.56,0.31,3.41,5,189,0.76,5,1,522.76,5,2.11,7.59,5.1,20.61,12.64,3.21,7.31,97,4
45,Male,70657,8.83,14,19,5.19,1.3,0.62,3,2.92,4.81,7.62,6.31,66.04,79.37,3.73,0.85,0.49,0.53,0.22,0.44,2.46,1,427,0.38,5,0,250.68,5,4.13,2.07,6.84,19.98,11.02,6.0,4.54,18,9
45,Male,91588,10.14,26,23,5.87,0.98,1.88,3,6.6,6.82,6.64,5.52,54.7,75.26,6.86,0.19,0.22,0.04,0.61,0.23,2.72,33,87,1.44,0,0,95.68,7,8.97,4.26,6.97,22.98,11.38,6.19,4.05,35,5
55,Female,6426,1.64,5,8,7.45,0.95,0.45,4,2.49,6.76,7.63,5.25,80.26,60.06,2.81,0.18,0.46,0.27,0.39,0.43,2.21,7,242,4.03,1,0,355.47,5,5.87,2.28,3.1,24.06,4.02,7.58,8.83,42,8
49,Male,74473,1.68,26,4,5.21,2.0,1.18,9,2.12,0.0,4.79,8.03,71.09,57.64,0.89,0.48,0.44,0.4,0.51,0.89,5.0,30,405,3.26,8,1,226.02,8,4.87,6.44,8.02,23.76,5.0,6.69,6.54,25,4
24,Male,56404,2.27,2,12,9.5,3.09,0.96,4,7.13,3.89,6.11,9.92,52.32,78.94,1.48,0.3,0.77,0.42,0.66,0.69,5.6,35,144,0.43,6,1,1083.27,10,4.01,3.96,7.41,24.51,6.26,5.14,3.23,56,5
15,Male,21074,3.52,27,17,6.49,0.18,3.75,8,7.18,3.71,3.71,7.06,69.41,28.18,2.02,0.64,0.19,0.17,0.44,0.35,15.51,2,70,1.41,1,0,298.63,4,5.72,5.6,4.21,21.2,9.94,4.67,3.81,78,2
13,Female,40564,6.35,29,0,9.51,5.09,0.69,7,7.0,4.82,3.94,3.02,56.49,89.06,3.61,0.83,0.6,0.14,0.62,0.44,2.74,47,492,0.37,9,1,1530.45,0,5.5,2.71,8.07,28.28,12.87,7.83,3.77,37,5
45,Male,52594,3.85,32,24,7.63,1.85,5.36,9,5.39,3.45,3.07,6.57,82.5,88.51,2.65,0.57,0.29,0.56,0.78,0.39,13.29,25,437,1.43,5,0,956.91,10,5.74,2.59,10.0,18.1,7.63,5.8,3.91,50,8
52,Other,38418,1.03,29,23,5.22,4.87,0.72,3,3.18,8.06,3.23,9.06,65.1,71.04,1.38,0.09,0.47,0.39,0.38,0.43,8.06,18,408,3.61,5,1,1596.1,5,6.18,5.53,8.49,22.77,6.28,3.87,1.68,57,8
22,Male,84942,5.35,2,23,8.41,2.64,6.19,10,5.06,2.85,5.31,5.02,47.83,78.56,3.44,0.77,0.19,0.29,0.64,0.76,2.55,6,126,0.42,2,1,472.9,5,8.06,1.35,9.65,23.95,7.41,4.55,4.05,58,2
55,Other,48631,1.62,20,1,4.03,0.58,0.32,5,4.63,7.43,8.23,2.14,94.06,51.61,2.19,0.1,0.03,0.36,0.6,0.21,5.34,20,119,1.79,9,1,313.6,6,5.38,3.26,6.06,25.9,10.44,2.24,0.35,86,4
56,Male,99344,2.18,14,14,6.12,3.46,0.44,4,3.66,5.37,4.65,9.13,76.59,67.75,0.98,0.13,0.22,0.64,0.45,0.06,15.38,12,96,0.58,4,0,125.65,9,2.96,2.77,2.78,25.26,4.62,4.73,5.21,33,3
41,Female,26585,13.95,3,22,7.73,3.98,4.22,8,4.92,6.43,8.29,6.93,80.23,83.34,10.0,0.18,0.52,0.62,0.87,0.63,1.29,5,490,0.14,9,0,158.92,4,4.35,6.25,7.01,25.63,16.65,8.14,6.45,93,9
25,Female,52009,0.19,2,2,7.25,2.65,3.15,9,3.78,0.58,5.89,6.28,74.23,76.59,1.06,0.23,0.29,0.45,0.83,0.84,5.13,34,382,0.52,5,1,1284.65,4,6.15,2.01,8.35,26.39,6.99,4.91,5.86,88,2
24,Female,36291,3.28,23,7,5.64,3.94,2.49,9,6.0,10.0,4.56,10.0,50.45,72.51,4.12,0.88,0.45,0.1,0.15,0.21,9.79,30,71,1.76,5,1,271.31,10,5.74,6.25,5.34,21.2,3.67,6.39,3.07,10,10
43,Female,108246,1.82,20,13,7.37,10.44,6.57,1,2.22,5.82,6.68,8.18,88.3,63.18,1.47,0.52,0.07,0.2,0.67,0.7,4.92,5,389,3.87,10,0,581.86,6,5.56,6.0,8.72,24.91,7.24,7.93,4.35,94,3
58,Female,120255,0.31,1,5,6.49,2.88,4.79,9,4.83,0.32,4.04,6.7,36.54,77.37,0.0,0.87,0.38,0.61,0.77,0.72,5.72,10,342,3.81,1,1,815.12,3,5.0,2.96,6.66,26.65,3.93,6.55,0.41,63,10
14,Male,64652,4.4,35,7,10.79,5.42,3.44,9,4.88,3.8,7.35,5.5,72.04,72.19,3.95,0.57,0.55,0.5,0.25,0.32,5.94,27,276,2.86,10,0,919.24,10,3.48,5.59,7.58,32.46,8.84,1.22,3.92,4,2
47,Female,32092,5.81,39,24,7.01,2.07,2.69,7,9.24,4.96,6.04,5.29,63.11,76.91,3.95,0.53,0.24,0.7,0.6,0.61,8.27,41,288,0.68,10,1,185.85,2,4.23,0.53,5.4,21.93,9.28,5.86,7.37,10,6
35,Female,56421,6.28,12,10,6.36,0.95,0.61,1,3.42,6.13,6.96,4.53,56.16,75.86,3.59,0.61,0.13,0.6,0.1,0.3,11.12,41,112,2.01,9,1,690.81,4,5.58,1.84,3.82,28.44,9.59,6.53,6.2,93,2
29,Male,99561,6.05,10,24,7.92,0.86,0.4,6,2.79,6.41,6.07,6.62,74.3,83.95,5.39,0.45,0.14,0.28,0.42,0.32,2.63,49,308,1.09,10,1,187.63,2,10.0,0.0,5.76,27.77,10.11,5.12,3.34,84,4
38,Female,23563,1.72,39,17,6.86,1.22,0.02,4,8.32,3.91,7.94,9.2,82.49,75.88,1.82,0.35,0.39,0.4,0.29,0.91,6.32,41,190,4.37,10,0,285.87,1,6.13,4.13,4.39,27.58,4.87,8.8,1.06,25,7
20,Male,147596,3.5,10,1,7.63,1.82,2.46,5,5.6,4.85,9.02,7.66,80.39,64.94,4.14,0.56,0.08,0.48,0.59,0.32,6.46,21,144,1.79,8,1,128.23,7,2.55,5.33,5.8,18.63,6.56,7.3,4.58,56,9
41,Female,57361,2.35,2,22,3.88,0.11,3.1,5,2.63,7.63,3.52,6.17,56.99,93.31,1.88,0.65,0.12,0.16,0.2,0.25,7.29,26,124,3.14,8,0,234.81,7,8.29,4.14,5.02,23.11,7.37,4.28,4.83,34,1
38,Male,88839,1.52,4,23,5.72,4.27,0.01,9,6.13,3.4,6.46,6.19,47.63,97.4,1.35,0.71,0.06,0.48,0.29,0.7,1.91,49,377,0.98,7,0,262.35,2,7.2,2.5,5.79,24.23,4.21,3.37,1.77,5,2
22,Male,29739,5.19,36,11,6.58,1.57,0.51,8,4.31,7.96,8.25,4.26,84.74,74.41,3.25,0.64,0.31,0.7,0.36,0.52,12.6,25,407,3.7,7,1,65.0,9,0.12,5.84,6.58,19.79,7.9,2.91,0.0,29,5
38,Female,44953,2.66,37,15,8.28,0.28,1.87,4,6.36,8.83,2.43,7.39,65.47,81.6,1.44,0.53,0.3,0.25,0.39,0.97,8.99,32,108,1.35,1,0,506.39,7,5.91,2.21,6.91,28.96,6.98,4.08,5.45,21,4
46,Other,70487,1.22,27,17,8.56,0.06,1.62,6,6.8,4.8,5.95,6.52,86.49,57.02,1.26,0.21,0.1,0.5,0.36,0.49,10.27,15,319,0.36,8,1,734.52,1,3.16,2.71,6.58,29.82,7.01,5.34,7.09,57,9
53,Male,12985,1.97,29,8,7.57,3.77,0.98,9,5.14,1.56,5.92,3.19,60.4,71.49,0.05,0.62,0.14,0.55,0.54,0.5,10.06,18,478,0.99,3,0,843.53,6,5.24,3.05,5.13,20.25,12.12,5.99,7.13,3,5
19,Male,39374,2.29,6,7,8.74,1.2,2.37,7,5.3,5.86,6.69,7.32,66.32,75.34,1.14,0.73,0.24,0.25,0.46,0.71,2.95,42,395,0.33,7,1,1143.03,1,2.46,3.45,7.02,24.93,3.29,0.0,3.72,63,3
16,Male,106489,4.59,3,20,9.2,2.61,1.26,10,5.16,5.14,6.82,3.06,62.97,59.85,4.34,0.09,0.17,0.19,0.74,0.55,1.54,13,380,1.98,1,0,314.12,3,5.63,6.96,8.49,28.87,9.42,5.91,4.55,10,2
57,Male,93016,3.08,39,2,6.25,0.76,1.53,10,2.51,2.05,4.17,7.07,73.22,80.07,2.33,0.61,0.32,0.4,0.6,0.34,2.59,5,232,1.52,9,0,227.57,10,3.63,3.54,5.1,26.57,5.91,5.42,5.25,77,4
23,Female,110772,0.94,26,19,6.46,0.86,5.63,9,3.35,3.79,10.0,9.4,72.14,62.86,0.0,0.65,0.24,0.4,0.39,1.0,16.87,26,20,1.11,4,0,189.0,10,7.42,7.52,3.84,24.69,3.81,5.39,6.28,64,5
41,Male,23563,0.15,33,2,8.84,1.36,2.67,9,6.12,6.34,4.0,9.21,70.45,67.8,0.0,0.72,0.29,0.39,0.64,0.21,14.23,19,313,0.89,0,1,1057.06,1,6.44,6.23,10.0,18.0,0.58,5.68,3.53,60,6
48,Female,17373,4.12,11,10,9.07,1.17,2.39,1,4.32,4.28,3.78,10.0,43.21,62.33,3.61,0.58,0.24,0.53,0.47,0.78,12.54,21,323,1.29,6,0,157.47,3,7.21,1.57,1.59,23.7,5.98,9.9,4.24,34,6
37,Female,31074,2.57,15,8,4.84,0.32,0.09,7,8.29,6.56,4.85,6.36,94.39,96.76,1.47,0.34,0.66,0.35,0.38,0.56,3.59,32,222,1.65,8,0,484.51,2,5.43,4.87,6.72,26.8,3.39,8.08,4.14,30,4
33,Female,22009,0.37,34,11,9.55,1.39,2.3,5,3.36,3.01,7.17,2.32,100.0,82.87,1.69,0.37,0.29,0.31,0.86,0.79,7.09,47,398,1.76,0,1,1192.78,3,4.49,7.36,8.55,24.48,3.87,3.67,7.81,93,5
48,Male,40619,4.97,36,0,7.02,0.43,0.61,1,4.03,4.87,4.84,6.82,40.21,65.91,3.6,0.85,0.28,0.52,0.49,0.43,6.1,31,382,3.79,4,1,530.0,7,5.48,4.44,6.53,23.67,10.14,5.8,5.39,61,3
22,Female,114814,9.07,2,15,7.27,2.62,7.81,8,5.73,5.21,5.57,6.53,69.11,49.28,5.55,0.73,0.43,0.18,0.59,0.62,2.86,11,294,4.07,5,1,983.95,2,4.92,3.99,5.97,23.7,10.82,6.43,5.75,67,8
49,Female,57357,5.21,13,23,7.23,0.49,0.9,1,4.36,3.14,6.21,3.72,65.57,82.06,3.92,0.73,0.09,0.58,0.16,0.72,4.11,32,382,2.86,10,1,32.36,4,4.31,7.25,7.35,24.08,8.01,7.27,5.63,87,9
21,Male,71525,12.32,12,6,10.71,0.55,1.36,1,7.09,5.33,5.7,5.01,87.3,35.46,8.29,0.48,0.42,0.31,0.29,0.29,2.03,1,10,2.0,0,1,1363.41,2,2.3,0.48,9.0,15.62,19.71,4.97,5.33,99,6
36,Female,122845,5.93,19,4,5.83,1.88,1.79,1,5.67,2.66,4.89,7.9,64.03,53.09,3.03,0.33,0.29,0.5,0.26,0.44,2.42,48,198,0.21,9,1,253.52,1,4.46,5.51,7.31,20.5,8.91,3.07,0.86,14,2
47,Male,26190,2.56,11,1,7.58,0.25,0.3,6,6.35,6.05,4.87,7.53,67.66,67.23,3.38,0.38,0.33,0.14,0.76,0.42,7.44,22,47,3.48,5,0,444.85,3,3.43,6.86,4.94,23.23,5.95,2.49,5.42,13,2
47,Male,22658,4.15,28,19,9.05,3.36,3.22,3,6.63,3.1,5.9,6.47,59.55,86.78,4.26,0.29,0.2,0.45,0.61,0.18,12.09,31,72,1.96,6,0,513.78,6,7.64,4.4,2.96,20.96,10.31,5.74,6.13,2,1
48,Other,43922,3.14,29,15,5.93,1.29,2.51,4,3.38,1.79,6.97,3.54,66.04,79.54,2.17,0.29,0.26,0.57,0.65,0.48,2.27,29,56,2.42,10,0,636.15,0,7.97,7.45,6.03,22.97,9.06,5.95,4.52,8,4
30,Female,125363,8.7,2,18,5.6,0.3,1.4,2,5.45,6.05,3.94,7.94,87.98,60.23,5.21,0.84,0.49,0.75,0.86,0.57,11.18,17,198,0.76,4,0,180.83,3,2.72,6.42,10.0,22.93,10.14,4.0,5.77,37,4
51,Female,40696,1.24,32,6,7.39,1.13,2.27,8,4.25,2.48,7.09,7.9,100.0,79.89,1.7,0.64,0.48,0.79,0.51,0.79,9.25,45,211,2.19,9,1,387.02,3,2.27,3.7,6.09,28.47,6.22,4.42,3.85,94,1
44,Male,147255,3.08,6,19,5.07,2.76,0.27,8,5.46,5.86,6.65,7.87,77.16,75.59,2.36,0.35,0.32,0.18,0.48,0.56,4.47,11,193,4.78,8,0,93.7,10,8.45,5.36,5.0,33.25,6.26,7.68,5.12,43,9
36,Female,40034,3.36,31,10,7.34,7.52,0.84,10,2.79,8.76,5.95,7.52,84.0,85.24,2.93,0.52,0.1,0.82,0.42,0.56,8.84,44,449,3.27,6,1,749.25,8,4.94,4.65,8.23,18.45,5.24,4.9,6.39,33,3
35,Male,13353,3.07,10,6,5.85,4.41,0.14,4,3.74,3.22,5.13,6.12,87.5,75.03,1.54,0.46,0.48,0.74,0.86,0.74,4.39,23,72,1.34,9,1,89.99,1,5.75,7.37,10.0,18.68,4.11,5.54,4.85,86,8
44,Female,99370,2.86,19,12,7.71,0.16,3.81,9,0.86,5.61,8.9,4.3,78.1,56.05,1.62,0.68,0.41,0.51,0.68,0.62,30.28,4,395,5.03,0,1,322.98,8,9.52,3.96,3.37,22.26,7.84,7.05,5.13,61,5
49,Female,85104,4.15,20,19,7.85,0.18,0.96,9,1.61,6.17,3.46,7.34,93.87,63.09,2.74,0.17,0.31,0.4,0.87,0.33,5.56,18,354,1.36,5,0,1001.82,10,3.85,4.71,7.5,26.56,10.91,4.97,2.36,69,3
24,Male,31975,5.51,17,11,4.81,1.49,0.3,6,2.29,5.32,5.34,4.55,80.9,77.87,5.0,0.39,0.16,0.2,0.2,0.57,2.69,27,298,1.56,10,0,1009.96,8,5.85,3.61,5.64,26.35,8.72,5.03,3.68,30,10
25,Female,44166,4.37,7,7,8.51,0.85,0.61,1,2.17,5.71,8.42,7.19,77.67,70.22,1.64,0.54,0.2,0.22,0.02,0.27,2.77,39,177,5.59,4,1,1489.89,8,5.68,5.13,3.55,20.68,8.77,3.28,3.23,19,5
35,Male,103531,2.52,37,10,7.7,0.56,1.4,9,3.03,3.25,6.37,4.98,50.97,52.24,1.47,0.92,0.15,0.38,0.96,0.83,5.1,24,217,3.78,3,0,473.19,8,5.21,2.0,10.0,22.99,5.35,5.82,4.78,19,3
37,Male,135905,0.76,3,4,7.35,0.07,0.52,10,8.11,3.84,0.5,5.27,64.53,76.79,0.36,0.24,0.43,0.72,0.67,0.66,11.54,15,279,1.38,3,1,588.76,10,4.14,7.32,5.11,26.12,1.57,5.23,4.16,50,7
47,Male,61290,2.09,29,10,7.15,0.54,1.09,6,6.03,3.86,5.13,4.73,63.53,58.44,1.51,0.42,0.23,0.51,0.64,0.46,11.89,10,360,1.56,7,0,937.97,8,4.52,4.22,6.14,17.2,2.75,4.26,4.41,70,6
53,Male,110611,0.89,20,17,9.17,0.76,6.09,10,8.36,5.18,8.07,7.19,72.49,46.48,0.0,0.47,0.08,0.43,0.17,0.08,7.48,31,439,1.7,6,0,149.91,5,5.71,2.48,7.37,24.85,3.28,3.95,1.61,16,6
42,Female,121996,1.65,21,16,7.33,0.53,2.69,6,6.97,4.44,7.99,5.14,57.12,55.25,0.0,0.47,0.52,0.46,0.32,0.6,7.67,45,424,1.82,1,0,651.61,0,5.87,2.35,5.53,25.78,6.31,8.14,6.03,60,7
29,Female,82419,1.31,8,3,6.76,0.65,0.05,2,5.81,2.57,7.43,3.18,82.05,43.82,1.29,0.44,0.07,0.18,0.29,0.58,3.9,28,319,3.82,5,0,478.28,6,2.64,0.54,6.2,27.19,1.59,8.06,6.32,16,7
32,Male,69535,2.14,3,2,4.42,3.44,0.3,6,3.33,3.42,5.32,10.0,61.1,65.43,2.42,0.58,0.19,0.13,0.43,0.82,11.35,34,238,2.17,4,0,1020.92,9,3.33,0.29,6.75,19.43,7.26,5.08,0.8,18,3
37,Female,35637,2.55,11,5,6.86,0.8,0.47,1,5.13,4.92,5.63,6.4,73.71,61.15,2.89,0.76,0.1,0.26,0.34,0.4,1.89,8,215,2.97,0,1,985.59,8,5.11,6.19,3.19,16.59,3.24,4.25,4.81,99,7
34,Male,22756,0.7,39,21,9.08,1.52,0.06,4,4.61,6.94,5.35,5.11,72.32,45.89,0.0,0.51,0.22,0.71,0.37,0.31,2.35,14,189,1.09,8,0,1317.97,0,9.44,1.97,4.49,23.84,7.53,5.02,2.45,30,3
25,Female,148491,6.76,25,14,6.44,0.31,1.59,5,5.28,3.3,5.83,5.11,63.33,63.01,5.0,0.43,0.49,0.66,0.77,0.65,4.66,24,125,1.6,4,0,127.9,2,5.36,5.18,6.32,22.65,9.17,6.54,3.1,93,8
31,Female,61702,3.01,25,0,8.63,0.85,0.69,10,4.39,5.95,7.34,10.0,70.89,73.39,2.09,0.7,0.37,0.68,0.93,0.66,4.15,39,382,3.17,6,1,406.45,9,3.46,5.44,9.15,20.37,5.5,6.42,0.05,1,4
48,Female,138346,1.46,24,20,6.48,3.19,1.26,8,6.14,7.72,7.06,6.44,57.4,59.71,2.04,0.5,0.12,0.56,0.41,0.02,9.58,27,422,2.44,8,1,83.01,6,7.79,5.73,4.51,27.61,2.26,2.76,2.36,46,3
24,Female,25919,2.41,22,21,7.83,0.02,1.44,2,5.41,4.35,5.17,5.91,77.51,52.45,3.56,0.32,0.48,0.42,0.94,0.58,5.53,21,84,1.67,8,0,1364.68,9,4.14,6.24,3.11,27.38,4.52,8.64,5.17,41,3
53,Male,137877,0.98,35,13,6.84,0.73,2.53,2,5.93,3.77,5.79,3.4,91.17,85.7,0.52,0.13,0.24,0.3,0.57,0.46,8.32,27,185,1.86,9,1,1005.21,4,7.45,3.97,6.12,21.18,2.74,4.0,4.07,72,6
31,Female,46980,0.65,15,5,5.7,0.01,0.72,3,2.26,4.17,4.91,6.56,42.66,67.18,1.16,0.5,0.14,0.29,0.06,0.33,13.83,16,117,1.46,4,0,198.59,0,4.57,6.29,6.03,26.29,3.66,7.51,2.37,52,9
24,Male,136376,2.06,31,22,7.1,1.59,0.14,7,9.79,7.52,7.2,6.38,84.25,80.4,0.86,0.83,0.36,0.56,0.27,0.49,3.74,12,19,0.35,4,1,369.9,10,3.94,10.0,5.23,23.02,5.62,5.1,2.78,50,10
21,Female,37465,8.56,7,5,7.54,2.78,0.01,1,4.16,8.63,7.24,3.79,76.14,66.92,6.26,0.77,0.07,0.25,0.16,0.62,2.13,21,165,0.61,4,0,415.83,7,3.6,8.81,8.33,18.11,13.22,3.95,4.67,30,3
19,Other,69281,3.29,6,9,4.77,0.45,9.49,3,4.87,5.43,7.73,5.99,60.19,66.29,3.13,0.65,0.42,0.13,0.79,0.46,5.3,11,89,7.43,3,1,233.15,5,3.9,4.02,7.08,21.05,12.39,7.15,2.95,71,10
40,Female,59586,5.43,12,13,5.05,1.38,2.07,3,1.04,0.0,5.2,6.73,72.43,57.36,3.96,0.4,0.24,0.51,0.65,0.23,7.16,27,175,1.45,10,0,358.47,6,5.84,5.3,4.48,27.43,8.29,5.46,3.02,81,4
26,Male,13314,6.92,26,2,10.24,1.37,0.23,5,4.07,4.81,6.51,3.49,90.24,54.82,5.61,0.63,0.1,0.35,0.27,0.47,5.24,32,41,3.66,9,0,1825.21,6,5.42,7.33,3.13,23.11,12.38,4.47,1.79,80,4
43,Male,110372,3.38,12,5,7.58,3.19,2.57,8,3.2,1.24,6.99,8.43,69.62,66.15,2.28,0.51,0.24,0.34,0.39,0.83,11.5,26,380,1.73,6,0,1098.46,8,6.28,3.68,7.01,23.58,3.45,7.69,3.28,10,3
31,Male,94755,0.21,33,17,6.02,1.22,3.2,8,6.49,8.81,1.95,7.32,53.95,75.71,1.8,0.26,0.38,0.25,0.43,0.25,9.1,38,129,1.62,7,0,141.87,5,4.29,5.18,7.43,20.44,4.54,4.35,0.88,44,9
59,Female,69468,3.14,30,5,4.76,5.8,0.12,1,7.87,3.4,7.57,4.98,61.62,63.35,1.83,0.39,0.39,0.68,0.63,0.68,15.19,14,274,3.9,7,0,381.13,7,4.48,7.62,3.03,23.82,4.78,4.4,5.23,21,8
28,Female,31258,5.05,32,0,6.56,1.05,0.42,6,2.97,3.45,5.02,2.52,68.91,70.45,4.34,0.61,0.18,0.25,0.7,0.12,3.9,6,59,4.33,9,1,211.42,3,3.43,3.25,5.06,26.43,7.39,2.67,1.88,25,2
17,Female,91658,2.31,17,24,7.98,1.86,1.58,3,2.51,3.9,2.21,5.35,49.59,57.87,1.97,0.39,0.39,0.77,0.7,0.33,0.63,21,172,0.88,2,0,362.24,2,3.5,3.82,9.01,28.46,6.51,5.57,3.63,32,5
47,Female,115725,6.91,24,17,6.41,0.04,2.11,1,3.51,3.92,3.83,3.7,66.43,74.62,4.16,0.14,0.27,0.4,0.75,0.39,5.62,48,350,0.9,3,0,33.94,4,3.5,3.48,8.25,18.92,11.24,5.82,4.02,82,10
24,Male,71335,0.51,29,24,7.19,0.29,1.65,8,3.75,7.85,7.55,7.81,93.01,76.97,0.0,0.78,0.05,0.22,0.51,0.92,18.63,47,300,1.67,1,1,171.82,1,3.5,2.69,5.15,18.09,1.85,5.72,5.78,79,7
37,Other,63367,5.3,26,24,5.56,0.6,1.07,1,6.8,5.98,4.04,5.33,92.15,73.48,4.21,0.95,0.21,0.31,0.57,0.63,13.43,22,408,2.3,1,1,349.36,0,4.64,1.07,7.16,22.85,6.37,9.17,4.73,0,10
33,Female,34100,4.11,26,8,7.5,0.93,1.4,2,4.82,5.95,5.56,9.44,86.98,53.42,2.92,0.73,0.3,0.4,0.69,0.61,7.94,43,48,1.08,3,0,39.18,1,3.98,4.56,6.31,26.04,6.03,10.0,3.48,42,2
48,Male,30816,8.13,26,7,5.04,0.44,4.3,7,2.43,6.19,6.34,3.79,64.81,58.15,5.19,0.33,0.24,0.16,0.38,0.18,6.23,16,321,0.48,9,1,253.39,1,6.02,7.43,4.08,31.83,20.01,5.44,5.68,14,8
35,Female,19040,5.14,11,8,3.97,1.75,3.94,4,3.7,3.87,8.19,6.29,81.67,59.35,3.24,0.55,0.12,0.32,0.2,0.37,1.29,31,193,3.66,5,0,160.27,9,7.34,4.77,3.63,26.13,16.21,7.39,4.67,93,8
28,Female,99558,1.64,14,5,8.98,0.16,1.7,1,5.43,4.86,8.32,4.8,98.23,52.57,0.0,0.66,0.47,0.2,0.49,0.69,4.16,18,314,1.3,8,1,348.86,8,7.03,5.21,7.45,27.45,2.18,3.52,4.45,43,2
51,Female,77632,5.66,31,9,9.61,0.55,1.77,4,2.93,1.11,4.81,7.96,73.76,93.21,4.64,0.27,0.47,0.47,0.46,0.16,13.44,36,369,0.68,6,0,27.67,7,4.57,4.07,8.21,25.83,9.29,0.0,3.51,90,1
57,Other,62794,1.55,10,16,8.67,2.71,0.38,6,5.55,5.73,5.33,6.9,72.08,93.56,1.68,0.47,0.39,0.34,0.85,0.65,6.23,8,199,7.37,0,1,78.88,5,9.47,1.14,5.3,29.55,7.83,3.4,1.35,58,5
54,Female,23808,2.93,28,2,8.17,1.39,0.28,6,5.6,2.67,4.96,7.56,65.48,56.24,3.09,0.39,0.63,0.59,0.27,0.66,14.77,29,365,1.93,2,0,557.26,2,3.42,8.78,3.33,21.73,8.91,5.03,6.3,48,10
51,Male,111885,1.97,39,22,7.7,0.44,0.54,6,5.38,9.48,6.73,6.51,50.45,83.3,2.22,0.35,0.24,0.13,0.52,0.51,8.94,14,394,0.92,1,1,1118.86,9,6.2,4.34,3.23,29.77,4.73,4.02,2.25,20,6
26,Male,98610,0.1,26,21,9.08,2.73,5.46,1,4.67,3.81,10.0,4.25,60.2,75.79,0.94,0.36,0.4,0.5,0.74,0.45,3.57,11,337,0.51,5,1,163.84,4,3.79,5.36,4.21,22.96,2.35,5.96,4.12,46,10
43,Male,48367,3.48,33,6,4.37,0.55,2.19,2,5.25,6.12,6.41,0.7,58.02,84.3,2.86,0.36,0.37,0.68,0.38,0.53,6.62,20,457,4.49,3,1,591.68,9,7.02,3.86,6.82,25.44,5.44,9.86,2.56,58,10
17,Male,135728,5.41,25,17,6.95,3.12,2.2,6,3.96,10.0,5.14,7.1,66.21,94.08,4.67,0.37,0.24,0.42,0.24,0.18,4.03,38,121,1.25,0,1,961.72,10,2.68,6.1,7.66,21.29,6.52,6.8,5.12,3,4
47,Male,140859,7.42,10,19,6.29,0.69,2.07,8,5.74,9.08,8.63,6.09,56.47,73.63,4.78,0.37,0.08,0.76,0.35,0.41,1.76,7,87,2.51,5,1,1519.73,10,7.89,0.85,5.08,16.94,10.94,5.49,3.38,81,3
35,Male,70457,3.1,6,22,6.73,0.53,0.79,1,6.49,6.48,3.4,7.97,45.1,64.0,1.8,0.76,0.06,0.48,0.79,0.36,2.57,21,256,1.77,7,1,199.98,10,6.43,5.57,3.36,27.9,5.87,6.85,0.0,29,2
41,Male,127831,0.09,1,6,7.92,1.0,6.08,5,4.59,6.74,9.82,6.74,69.78,65.07,0.96,0.38,0.2,0.34,0.84,0.24,4.47,8,366,3.73,0,0,205.29,9,9.21,4.16,3.54,21.74,8.91,6.41,2.03,89,7
55,Male,130031,3.96,8,0,5.8,4.38,2.55,1,2.17,5.89,6.18,7.64,99.09,72.54,2.12,0.42,0.06,0.43,0.13,0.56,10.29,31,24,0.91,9,1,735.15,8,6.05,7.12,5.58,21.03,5.73,3.8,0.1,69,10
23,Female,93569,2.13,39,3,6.93,0.15,1.11,4,1.7,8.19,6.45,6.56,74.41,97.11,1.02,0.31,0.28,0.34,0.43,0.21,4.19,15,286,1.99,4,0,173.53,4,3.22,2.44,6.88,25.56,7.88,3.04,1.51,81,8
30,Female,27859,0.77,9,16,5.86,1.07,0.99,6,5.04,0.0,5.57,3.39,49.41,80.56,0.12,0.61,0.01,0.24,0.53,0.54,2.68,47,426,1.3,2,0,683.53,9,3.8,4.48,6.48,24.9,6.82,6.25,6.76,94,8
59,Male,120582,7.74,5,0,8.15,1.18,3.13,8,5.15,8.91,7.21,5.29,87.8,81.13,4.54,0.33,0.18,0.53,0.81,0.48,5.31,13,34,2.05,4,0,468.05,7,0.22,5.83,10.0,25.68,9.84,3.31,4.63,0,6
24,Male,24158,3.92,6,19,10.0,1.22,1.88,1,6.69,4.15,6.0,10.0,67.78,79.11,2.12,0.5,0.57,0.38,0.38,0.66,11.37,14,125,2.59,0,1,500.66,3,3.78,5.52,5.02,25.27,11.46,4.33,6.94,32,5
21,Female,118681,2.85,10,22,6.51,0.91,2.27,3,1.92,5.19,4.47,7.29,71.77,84.15,2.25,0.71,0.36,0.58,0.18,0.82,25.34,10,81,1.03,10,1,790.99,9,6.26,2.06,9.22,22.94,13.36,7.15,2.9,89,5
22,Male,91563,12.85,12,1,7.11,0.13,0.28,1,3.03,2.6,5.39,5.95,47.39,55.36,7.15,0.85,0.43,0.62,0.41,0.15,1.47,12,319,0.46,0,0,312.08,10,6.12,2.0,2.67,25.2,32.56,2.76,3.19,11,7
56,Male,111019,3.29,9,17,7.26,1.56,0.08,2,1.49,10.0,5.1,5.09,61.12,59.73,3.33,0.69,0.37,0.3,0.45,0.53,1.91,4,425,0.09,2,1,1227.47,0,3.82,3.54,9.36,23.48,6.96,3.8,5.62,70,4
29,Female,75040,3.03,28,9,8.42,2.12,1.88,4,4.45,5.41,4.24,5.67,61.09,73.7,2.57,0.79,0.16,0.6,0.38,0.41,5.56,46,59,1.22,6,1,636.03,8,7.33,4.91,5.73,21.24,4.95,5.57,4.03,33,2
50,Female,13559,2.07,4,17,8.6,1.45,2.98,7,5.06,3.42,5.23,7.63,68.29,61.52,0.01,0.52,0.17,0.18,0.85,0.28,5.73,35,125,1.4,2,0,40.02,7,8.07,4.12,4.73,20.68,4.81,5.06,4.21,91,4
19,Male,140571,2.78,11,9,6.81,0.4,0.94,3,7.08,3.12,6.3,5.75,53.76,56.73,0.4,0.81,0.69,0.58,0.28,0.87,1.33,15,159,1.47,0,1,730.66,2,5.21,7.71,6.7,20.37,4.14,5.38,0.81,79,10
58,Male,145776,4.63,7,9,6.94,0.8,0.03,2,5.57,7.15,5.71,6.22,48.14,50.31,5.36,0.33,0.53,0.03,0.53,0.64,13.74,29,441,4.28,6,1,194.38,5,5.47,5.34,5.79,27.12,6.92,7.55,5.18,59,1
25,Male,65700,6.35,17,3,5.07,1.86,0.66,4,3.48,3.11,7.96,6.26,84.24,100.0,5.85,0.76,0.42,0.37,0.89,0.65,17.72,4,57,1.39,7,0,405.34,5,5.1,3.86,6.58,22.33,18.27,6.21,3.29,83,2
52,Female,93563,3.01,3,24,6.16,0.29,2.34,6,6.9,8.31,6.15,5.47,56.25,81.49,3.14,0.37,0.07,0.12,0.88,0.47,0.75,2,465,0.8,3,1,3.31,10,7.21,5.15,4.94,23.58,8.18,6.29,2.1,50,9
54,Female,94801,0.49,17,11,7.58,0.49,3.71,2,9.68,3.31,5.23,6.07,61.62,51.77,0.74,0.63,0.37,0.48,0.74,0.77,4.18,9,252,2.09,0,1,332.83,0,4.76,3.85,3.9,18.25,10.0,5.05,2.98,45,2
21,Male,5200,2.5,35,1,5.29,2.71,0.21,8,6.64,3.57,6.55,4.67,56.64,42.76,1.15,0.46,0.16,0.54,0.78,0.39,6.47,11,438,2.15,8,1,128.43,9,4.55,6.55,4.66,24.35,6.64,2.55,2.44,56,9
39,Male,123443,0.89,20,16,4.44,3.01,4.37,9,2.79,5.31,7.23,5.12,60.96,100.0,0.14,0.76,0.16,0.89,0.41,0.11,1.15,21,235,1.04,1,1,102.7,1,4.22,9.81,9.54,28.84,4.5,4.58,6.81,47,2
14,Female,34081,8.48,8,24,6.16,0.06,1.91,5,6.26,3.71,5.34,4.52,71.09,60.47,6.57,0.77,0.24,0.28,0.36,0.83,8.55,34,460,2.23,1,1,741.11,0,4.76,6.16,5.08,21.32,11.61,6.95,4.95,50,5
17,Male,108390,1.89,37,15,6.53,0.16,2.49,3,5.11,2.41,6.43,9.11,68.75,79.42,1.16,0.73,0.57,0.57,0.37,0.6,4.75,15,251,3.45,9,0,255.26,5,3.1,3.1,8.46,30.98,5.95,4.38,4.07,44,7
41,Other,91217,4.13,32,19,6.48,3.83,0.07,10,4.22,7.94,6.22,6.56,84.21,66.29,2.55,0.14,0.25,0.72,0.61,0.78,2.82,20,104,1.62,6,0,69.78,8,5.52,3.85,2.36,29.14,4.8,6.06,1.3,28,4
49,Male,72056,4.74,19,7,4.94,3.65,1.27,7,7.66,9.53,4.7,4.24,66.6,59.34,2.58,0.56,0.61,0.59,0.39,0.38,7.91,25,308,0.09,0,1,431.88,0,5.44,4.47,0.9,33.5,5.81,5.56,3.28,82,9
50,Male,12488,5.59,20,11,7.68,2.43,0.44,10,5.14,7.36,7.49,5.73,53.19,76.25,5.01,0.56,0.17,0.23,0.35,0.88,0.58,44,485,1.95,2,1,13.86,10,2.86,4.65,5.97,18.41,6.22,7.4,4.72,58,4
31,Male,81773,0.23,6,20,8.87,5.04,1.22,6,2.6,1.93,5.58,6.93,68.68,91.42,0.0,0.36,0.42,0.07,0.32,0.15,0.3,32,476,0.5,9,1,383.03,2,4.5,5.28,6.39,27.09,15.55,2.12,6.46,45,8
20,Female,19022,1.83,26,3,4.89,1.28,3.85,2,3.56,6.29,3.95,6.09,56.94,68.89,2.65,0.86,0.33,0.4,0.87,0.79,3.02,10,102,2.2,8,1,550.64,6,4.72,5.12,4.58,25.72,2.41,2.51,4.82,41,2
57,Female,26301,1.37,30,23,8.02,0.53,7.27,1,5.84,3.26,5.85,7.5,74.18,51.09,0.24,0.43,0.29,0.26,0.16,0.44,1.12,29,399,1.06,0,0,474.96,5,7.41,6.93,4.3,18.49,3.6,8.14,0.95,28,9
13,Female,100488,0.43,22,21,6.69,0.08,1.75,5,3.05,4.87,7.66,6.38,75.09,74.78,1.62,0.55,0.24,0.27,0.38,0.63,4.58,8,372,1.28,8,0,403.86,3,2.44,5.45,4.99,31.54,2.12,1.07,0.78,36,5
34,Male,123479,0.87,18,22,7.68,8.67,0.4,7,6.16,4.51,5.66,6.51,67.96,85.09,0.0,0.33,0.52,0.19,0.84,0.35,6.32,48,201,3.33,7,0,41.63,6,6.24,6.06,6.08,27.71,4.64,6.09,5.71,38,10
29,Female,42245,3.0,21,6,3.32,3.38,1.66,10,8.66,5.53,7.98,8.27,46.12,73.95,1.65,0.99,0.03,0.62,0.43,0.77,5.39,15,390,1.38,4,1,263.56,2,4.4,3.55,5.43,17.92,6.75,3.46,3.06,30,9
19,Male,91703,0.89,24,13,5.95,2.55,0.34,5,4.6,6.28,6.99,5.75,71.41,71.75,2.72,0.36,0.18,0.35,0.65,0.2,6.44,18,249,3.46,1,1,249.61,8,4.36,6.17,7.19,27.24,7.67,8.01,4.32,45,2
37,Female,49621,5.18,34,18,6.12,1.13,0.23,4,4.48,3.36,3.77,7.8,88.4,85.95,5.09,0.91,0.06,0.53,0.3,0.62,5.27,19,435,0.97,2,0,1667.03,0,4.67,7.81,7.1,27.11,7.34,6.85,4.03,57,10
57,Male,149479,1.25,8,21,8.35,1.97,8.25,2,1.9,5.25,4.72,7.28,91.08,61.63,2.12,0.04,0.18,0.69,0.73,0.25,2.9,17,477,1.79,1,0,147.6,8,4.12,8.43,3.74,22.01,3.11,9.02,1.57,41,4
16,Male,6415,4.06,39,18,6.23,0.07,0.03,6,2.93,4.49,6.19,8.91,82.25,70.82,2.4,0.78,0.31,0.38,0.6,0.9,3.31,11,407,4.68,3,1,266.03,2,6.34,0.89,7.42,23.9,8.72,8.15,7.74,26,7
48,Other,112442,0.76,19,7,6.0,0.65,0.69,8,4.78,5.84,5.41,7.67,84.22,75.04,0.0,0.26,0.36,0.13,0.36,0.28,2.96,40,47,5.16,6,1,401.37,6,1.91,4.0,10.0,25.99,2.46,2.54,6.14,8,1
18,Female,41026,11.09,16,11,8.66,3.68,0.54,8,4.12,6.84,5.8,6.7,94.86,80.45,7.44,0.56,0.06,0.02,0.64,0.37,2.14,14,398,1.22,3,0,121.04,5,4.67,3.73,5.02,23.12,15.79,3.3,4.39,6,7
43,Female,28328,2.27,20,9,5.86,0.73,4.82,3,5.09,6.57,4.09,5.14,86.43,73.15,0.68,0.52,0.27,0.5,0.23,0.83,5.05,44,124,0.68,8,1,456.17,3,4.89,3.77,4.66,24.38,7.42,3.81,1.6,50,6
31,Male,13816,2.6,23,9,7.29,5.54,3.33,5,6.86,10.0,4.99,4.86,54.42,39.45,0.0,0.82,0.18,0.31,0.79,0.36,0.23,6,325,4.37,6,1,560.32,1,2.6,2.95,6.76,29.66,6.84,3.72,5.21,23,5
56,Male,9296,6.28,19,13,8.16,4.26,0.49,1,4.43,5.07,6.65,7.86,64.73,45.21,3.96,0.18,0.16,0.26,0.22,0.41,9.82,1,301,6.38,9,0,672.06,5,7.86,3.89,8.67,22.58,7.64,6.55,1.77,97,6
51,Female,107765,0.57,19,5,8.86,2.03,0.51,4,7.0,5.39,4.93,7.25,96.18,67.03,0.0,0.61,0.08,0.02,0.66,0.74,0.97,41,201,0.95,2,1,746.5,0,4.16,6.64,4.45,24.5,3.32,6.86,2.26,84,3
39,Male,137738,1.22,5,16,6.98,0.07,1.96,3,3.79,8.04,6.42,6.23,82.65,73.97,0.38,0.38,0.09,0.29,0.38,0.3,6.01,13,170,2.91,2,0,202.78,5,6.45,2.62,6.81,19.22,5.84,7.95,4.11,26,8
22,Male,63632,2.29,27,21,7.95,1.18,3.79,1,3.17,2.36,5.38,6.5,64.39,30.44,2.35,0.89,0.3,0.52,0.72,0.34,2.55,21,60,2.33,9,1,497.82,10,3.45,5.84,5.24,24.92,4.64,3.51,7.45,83,8
38,Female,65810,2.73,4,17,7.25,0.18,1.2,3,5.2,6.57,4.91,8.9,35.33,74.57,3.42,0.08,0.42,0.26,0.56,0.28,6.6,5,26,1.9,0,0,168.88,2,0.85,7.06,6.14,25.83,3.08,4.96,5.6,32,9
31,Male,119133,3.29,16,6,7.41,3.24,0.92,1,6.04,10.0,4.5,8.22,44.87,89.17,1.74,0.32,0.23,0.61,0.57,0.91,2.96,37,478,1.01,10,1,63.36,3,5.75,6.49,6.94,27.24,11.89,4.01,2.95,69,7
51,Other,106900,1.61,17,12,8.86,0.35,2.08,1,3.77,7.2,5.19,4.74,94.78,59.48,1.32,0.69,0.19,0.69,0.17,0.37,7.61,15,280,1.31,5,0,875.65,10,7.08,3.67,4.93,19.35,7.04,6.19,7.87,62,10
15,Male,47186,0.49,5,3,6.29,0.56,2.34,4,3.33,5.08,2.34,5.5,75.22,55.42,0.0,0.42,0.4,0.48,0.65,0.54,2.45,0,304,2.03,9,0,900.78,9,7.03,5.3,8.51,24.21,4.51,4.27,2.03,56,3
57,Female,146654,3.53,39,10,9.44,2.15,0.54,2,5.67,0.79,5.06,8.72,55.09,67.0,3.46,0.57,0.1,0.37,0.6,0.73,6.29,39,370,1.53,6,1,277.14,3,3.82,2.72,9.1,23.78,10.42,5.87,3.11,5,1
25,Female,112966,5.58,6,24,7.87,3.37,0.52,1,4.73,8.85,5.05,8.22,64.38,79.89,2.75,0.15,0.29,0.47,0.78,0.56,3.89,16,418,2.59,5,1,599.33,3,5.35,4.44,4.15,14.48,9.1,5.92,4.33,64,6
40,Male,114528,1.3,23,11,5.23,5.24,3.11,10,10.0,8.18,4.45,5.56,73.14,79.27,1.82,0.22,0.25,0.61,0.53,0.5,7.08,11,232,1.12,7,1,644.45,6,1.55,6.04,4.66,22.76,6.48,4.2,3.2,21,9
32,Female,130900,2.93,15,19,8.41,0.45,1.11,10,4.52,3.91,4.57,7.81,60.31,90.17,2.84,0.17,0.41,0.13,0.71,0.17,1.24,49,105,0.22,2,1,990.67,7,4.04,4.98,5.08,24.39,4.08,3.62,5.42,47,6
40,Female,65867,1.27,5,5,7.67,1.91,2.71,7,1.93,3.39,6.51,1.83,73.47,76.97,1.71,0.5,0.35,0.54,0.89,0.8,2.66,43,200,0.38,7,0,267.92,9,2.21,6.37,8.82,21.9,2.86,3.97,2.87,55,6
20,Female,5258,1.34,24,11,6.04,0.55,0.9,5,2.34,2.2,1.8,9.3,48.07,49.32,0.0,0.06,0.26,0.72,0.8,0.39,2.71,2,307,3.53,3,1,26.13,5,9.07,4.11,7.8,17.46,7.79,7.38,3.71,29,10
53,Female,48326,0.76,7,2,9.2,3.24,1.38,6,6.13,4.32,7.43,5.02,77.21,80.47,0.0,0.22,0.12,0.63,0.53,0.51,4.83,22,318,1.05,7,1,23.15,9,5.25,5.45,8.15,23.69,4.74,7.29,3.84,14,6
51,Male,97213,4.63,30,13,7.55,0.05,0.07,9,4.02,7.8,8.49,6.31,83.13,61.48,1.99,0.34,0.23,0.44,0.6,0.61,2.57,8,428,0.4,4,0,605.92,3,5.54,4.72,6.47,25.57,8.53,5.96,4.08,25,8
13,Female,67147,1.54,32,16,4.93,0.19,1.57,5,7.4,7.44,7.8,5.97,82.14,81.48,0.0,0.75,0.18,0.18,0.51,0.32,4.06,14,333,1.94,5,1,228.85,10,6.04,5.82,7.84,23.65,8.98,4.19,2.22,39,1
15,Female,103404,9.11,28,10,8.77,3.39,1.78,9,4.9,4.61,5.65,7.04,86.75,62.7,6.77,0.17,0.42,0.52,0.67,0.57,1.82,13,324,1.3,0,1,160.03,5,5.87,2.02,10.0,30.53,10.79,5.53,1.75,52,8
25,Female,143168,1.38,22,6,6.26,0.58,0.13,10,8.99,4.34,6.81,7.79,70.54,62.19,1.53,0.53,0.12,0.33,0.35,0.82,0.49,1,60,2.95,7,0,505.25,1,4.77,6.7,6.85,37.03,7.33,5.77,6.46,9,6
40,Male,133965,1.88,19,6,5.62,1.51,0.05,2,1.79,8.2,8.04,4.04,80.37,30.19,0.12,0.53,0.4,0.16,0.47,0.43,4.05,17,379,5.91,5,0,50.74,8,4.42,6.84,6.26,27.24,2.35,4.52,3.21,24,1
37,Female,96163,7.02,33,16,8.91,4.46,0.23,1,5.91,1.03,3.69,1.45,80.48,66.52,4.59,0.9,0.35,0.22,0.04,0.87,5.51,42,443,1.56,7,0,495.99,8,7.71,6.12,7.12,20.97,10.22,5.09,2.55,17,8
45,Male,56418,1.12,32,19,10.24,0.17,4.74,6,5.06,8.36,4.61,3.97,93.05,54.11,0.86,0.51,0.41,0.47,0.36,0.21,4.05,11,121,4.77,1,0,389.46,6,2.59,6.86,5.32,25.27,2.74,6.39,4.43,28,6
50,Male,8168,2.52,17,24,3.35,2.46,2.13,3,1.88,1.31,5.81,5.97,64.07,42.58,2.67,0.4,0.51,0.39,0.47,0.22,2.51,22,37,1.2,8,0,639.06,0,0.0,4.52,3.93,25.33,5.2,6.04,3.41,40,2
18,Female,62240,1.33,3,5,6.08,1.03,0.25,10,2.84,6.77,6.44,3.12,43.21,44.76,1.66,0.87,0.52,0.05,0.59,0.5,8.08,36,34,1.81,7,1,60.94,1,3.99,1.81,8.61,25.31,4.81,2.96,4.67,53,10
56,Male,34687,2.59,32,1,5.96,0.01,1.93,9,4.61,3.44,1.64,9.15,75.73,66.05,0.4,0.66,0.29,0.4,0.32,0.87,7.25,41,254,1.15,8,0,43.38,5,3.76,6.22,7.41,26.9,4.11,6.79,4.68,55,7
57,Female,13430,6.54,33,5,4.67,1.85,3.11,3,5.8,0.92,8.15,6.56,98.9,71.23,7.52,0.64,0.54,0.52,0.29,0.63,9.81,27,346,0.34,9,1,279.05,8,6.32,5.86,6.85,26.53,14.41,1.28,2.3,24,5
44,Female,69985,3.84,31,13,7.2,5.26,4.18,5,5.66,7.01,5.54,5.73,68.31,68.38,2.84,0.24,0.49,0.5,0.4,0.38,2.42,43,223,0.65,4,0,20.27,8,3.0,5.47,5.61,17.21,8.29,7.24,3.85,89,2
57,Male,38111,2.33,11,5,10.63,4.19,0.24,9,5.09,4.69,8.05,4.49,85.73,81.88,2.42,0.15,0.29,0.53,0.35,0.61,3.95,25,248,2.43,3,0,971.08,0,6.3,6.99,2.47,25.04,6.52,4.96,2.64,78,4
59,Female,25800,5.73,22,4,7.27,1.98,0.57,9,3.95,10.0,3.67,4.29,57.53,71.65,4.57,0.72,0.43,0.34,0.5,0.87,5.31,3,342,0.52,6,1,536.75,5,2.52,5.06,10.0,13.48,12.04,6.13,5.72,10,2
33,Female,139210,3.9,13,9,6.8,5.78,1.31,2,2.54,5.17,4.8,7.72,75.71,59.83,2.49,0.27,0.36,0.2,0.57,0.44,7.71,17,182,2.85,1,0,212.91,0,4.88,5.59,3.52,28.06,6.4,7.63,0.0,20,7
28,Female,85462,1.27,20,12,6.22,1.09,1.15,3,5.18,4.36,6.25,7.57,72.24,63.03,1.27,0.42,0.03,0.39,0.26,0.35,5.71,38,450,2.73,5,0,367.86,4,7.83,3.58,9.01,18.83,6.11,4.43,3.88,70,10
33,Female,56504,2.55,37,1,6.27,2.55,0.98,5,6.26,4.25,3.32,5.72,45.64,69.86,2.25,0.75,0.27,0.6,0.38,0.92,4.22,3,486,1.44,6,1,245.28,3,5.28,6.13,5.63,27.86,5.28,4.62,4.52,85,3
23,Male,20394,4.21,2,12,8.74,0.58,8.05,4,2.67,5.53,1.66,6.89,70.61,62.48,3.21,0.43,0.31,0.72,0.74,0.64,5.77,24,446,2.62,4,1,295.79,1,2.94,6.84,6.93,21.73,5.06,5.7,0.42,13,1
49,Male,88499,5.7,21,14,7.55,3.09,6.3,5,2.54,5.78,10.0,8.58,80.36,76.67,3.39,0.6,0.18,0.71,0.22,0.47,2.41,29,158,0.24,10,0,267.23,10,5.45,6.58,4.5,23.84,7.11,4.7,2.11,34,6
48,Other,34632,1.21,2,21,10.81,0.23,0.05,7,6.37,9.14,5.47,6.39,41.72,73.46,0.0,0.77,0.44,0.57,0.36,0.48,8.26,38,307,2.81,10,1,667.72,1,2.91,7.11,8.29,22.12,2.5,2.37,7.11,99,1
47,Female,121155,1.61,7,6,7.67,0.4,2.3,4,6.4,4.75,4.87,6.42,91.8,62.43,0.46,0.3,0.42,0.38,0.18,0.41,5.23,49,441,0.96,2,0,22.58,5,2.42,5.01,2.83,23.16,4.5,4.56,1.76,18,4
31,Male,57652,1.58,32,11,8.08,1.48,0.8,7,7.28,2.64,7.55,4.35,60.53,78.46,2.04,0.83,0.35,0.52,0.91,0.56,3.86,23,438,1.57,8,1,171.14,8,6.86,4.67,5.8,22.18,2.4,8.65,1.73,45,10
32,Other,135251,4.09,11,2,8.15,0.7,1.64,1,7.77,4.74,3.64,3.26,72.76,62.06,3.43,0.62,0.09,0.22,0.45,0.6,4.3,39,434,0.81,8,0,1334.88,6,5.08,6.49,3.59,27.07,7.75,6.75,5.69,85,5
30,Male,27346,2.13,4,2,7.22,5.96,3.01,6,3.72,10.0,8.31,7.98,78.06,61.21,3.04,0.74,0.7,0.49,0.22,0.44,8.57,43,244,0.19,10,1,83.52,1,3.32,6.17,9.85,30.16,2.83,4.27,2.82,60,8
59,Male,144044,2.18,33,22,8.28,0.29,0.32,10,4.86,4.38,5.44,4.95,51.29,96.11,2.59,0.32,0.24,0.41,0.38,0.15,7.28,3,410,1.09,1,0,900.73,6,4.33,4.07,6.14,22.03,6.52,6.15,2.44,45,10
53,Other,28710,0.36,31,24,6.33,0.12,2.26,10,2.91,6.86,5.59,3.14,69.25,70.57,0.72,0.44,0.25,0.09,0.41,0.54,5.32,31,131,1.14,7,0,100.75,9,4.13,2.42,4.62,23.68,2.16,4.56,4.03,77,3
26,Female,41330,5.44,16,16,5.97,1.61,1.92,8,5.94,2.41,1.62,7.02,60.58,78.3,4.75,0.29,0.11,0.54,0.68,0.21,6.01,44,256,2.13,5,1,435.27,5,6.98,3.66,6.48,25.39,10.85,4.49,1.56,48,10
27,Female,60384,7.93,19,16,9.39,0.31,1.72,8,4.91,3.15,10.0,7.66,73.99,46.93,7.21,0.49,0.26,0.6,0.7,0.82,16.46,21,167,2.49,4,1,665.38,3,4.39,2.36,4.63,21.49,10.66,5.69,3.37,12,8
43,Male,9820,1.89,24,12,7.73,0.17,1.64,3,6.91,7.07,6.49,2.27,62.65,47.53,2.43,0.4,0.28,0.25,0.57,0.6,6.19,8,228,4.84,4,0,84.9,8,5.44,7.37,1.93,17.21,4.07,1.84,3.23,83,1
13,Male,70014,5.16,31,1,6.28,2.06,5.76,3,2.49,6.11,5.38,7.0,63.86,56.51,2.95,0.71,0.04,0.53,0.14,0.22,3.62,9,303,1.28,2,1,1506.28,3,6.4,6.48,6.99,26.97,9.63,5.52,0.0,76,9
15,Male,94367,9.59,29,15,7.52,1.13,3.72,7,4.13,5.44,4.22,5.08,78.95,68.3,6.24,0.22,0.49,0.21,0.13,0.69,4.18,14,278,2.37,0,0,42.83,0,4.35,4.02,8.44,15.62,12.09,3.73,4.1,43,8
28,Female,81883,2.03,26,20,7.15,0.93,3.15,2,7.79,4.02,2.95,6.13,80.45,69.75,0.89,0.7,0.15,0.67,0.87,0.61,2.22,24,20,1.11,2,0,231.86,7,1.46,4.61,8.36,17.99,2.45,5.53,3.77,2,5
35,Male,133533,9.23,9,24,7.08,3.65,1.22,2,3.76,6.01,3.2,5.62,41.54,85.12,6.1,0.4,0.19,0.35,0.75,0.45,16.98,6,261,1.77,10,1,1041.35,7,3.52,6.92,6.22,24.43,10.89,5.59,1.02,55,9
23,Male,51064,1.8,16,9,9.17,7.68,1.5,1,7.21,2.49,7.51,10.0,49.54,66.06,1.54,0.24,0.42,0.25,0.6,0.21,4.12,28,123,3.6,2,1,710.91,0,7.47,5.89,3.49,25.68,3.99,7.85,0.38,34,4
24,Other,111123,4.77,15,16,4.95,0.41,1.38,2,7.81,8.62,4.98,3.71,64.02,73.58,4.07,0.52,0.18,0.62,0.62,0.42,15.02,23,296,2.13,4,1,743.77,2,3.28,6.19,7.88,23.02,7.81,4.05,3.49,54,7
22,Other,120310,4.3,30,13,7.86,1.02,0.0,6,5.28,6.16,7.23,3.87,62.61,51.22,4.23,0.56,0.18,0.78,0.65,0.49,5.45,37,30,0.73,10,1,535.96,6,7.85,2.42,6.55,23.37,9.44,5.4,4.51,30,9
44,Male,63305,5.5,34,11,7.51,0.49,1.63,7,7.4,6.6,4.87,3.75,59.99,89.17,2.55,0.71,0.35,0.69,0.87,0.75,0.92,39,279,1.53,1,0,18.46,10,3.54,1.15,4.93,28.36,8.45,7.1,6.65,14,4
28,Male,130785,3.34,22,4,6.73,5.22,0.41,8,5.77,4.26,7.66,6.87,81.72,52.04,0.64,0.1,0.25,0.68,0.42,0.44,8.99,27,440,3.01,7,1,39.75,8,5.69,5.71,9.04,23.76,3.72,3.08,6.3,33,8
20,Female,59952,2.75,27,18,6.05,1.72,9.3,2,1.7,4.58,0.75,7.9,60.47,33.76,1.63,0.46,0.3,0.45,0.64,0.83,1.32,16,386,5.71,10,0,207.71,4,5.7,0.87,5.8,28.33,10.14,0.1,4.95,90,4
50,Male,11778,4.92,31,15,8.57,0.58,1.39,7,2.41,3.95,6.23,6.41,80.95,53.27,4.38,0.71,0.54,0.26,0.5,0.27,0.38,10,103,2.23,2,0,768.66,7,5.64,3.9,5.04,24.39,7.94,2.48,7.19,39,2
24,Female,143669,0.48,31,16,5.31,2.35,2.89,7,5.85,5.3,5.21,7.56,45.32,75.14,0.0,0.25,0.4,0.79,0.35,0.37,12.16,31,179,2.82,4,1,990.79,1,5.55,7.46,8.53,24.91,1.38,7.26,6.59,39,2
36,Female,25399,1.84,3,6,8.39,1.04,4.63,9,3.65,4.18,8.7,8.23,68.18,82.33,1.51,0.59,0.44,0.48,0.98,0.69,2.16,44,285,0.38,2,1,105.12,9,6.58,0.6,3.24,27.23,3.53,5.97,5.03,28,2
40,Male,86621,5.19,8,17,3.67,1.83,0.19,1,5.09,5.1,5.07,5.28,92.48,78.9,1.33,0.54,0.33,0.28,0.39,0.78,3.56,11,218,4.75,5,1,491.32,8,1.04,0.24,5.27,22.32,8.81,5.84,1.96,84,5
20,Male,14535,1.77,15,23,9.99,1.52,5.06,4,4.87,3.6,7.62,7.24,76.36,53.48,1.92,0.24,0.15,0.38,0.83,0.39,11.35,22,366,1.74,2,1,400.03,1,5.4,6.86,2.64,26.55,4.34,4.43,1.74,58,3
40,Female,30354,0.41,1,23,5.53,0.92,1.4,3,7.91,0.68,3.97,8.97,63.76,70.64,0.12,0.4,0.32,0.65,0.76,0.9,2.43,25,448,0.65,0,1,373.53,1,7.31,5.46,6.41,27.75,1.9,4.65,2.88,48,4
48,Female,39219,1.68,28,20,8.13,5.43,1.76,7,4.17,5.11,6.84,7.55,93.99,63.29,0.44,0.49,0.22,0.32,0.85,0.98,2.58,6,456,1.5,3,1,552.64,8,1.8,6.96,7.37,22.89,5.86,7.48,3.65,43,7
38,Male,123802,0.5,7,7,7.61,0.15,0.04,10,7.81,5.17,8.15,4.49,53.38,81.21,0.0,0.04,0.44,0.44,0.63,0.56,3.27,27,342,0.53,7,0,767.81,6,4.17,4.71,5.44,23.68,3.68,4.46,3.58,0,2
20,Female,107319,4.51,10,8,6.09,0.51,2.89,1,0.87,2.17,5.09,7.83,74.38,55.93,5.93,0.79,0.36,0.78,0.49,0.25,5.1,18,441,2.51,7,0,27.81,7,3.09,2.49,4.07,21.83,6.03,7.89,6.45,37,10
40,Female,97073,4.8,30,19,7.32,3.09,0.02,5,4.76,0.21,4.66,7.58,64.01,94.63,2.73,0.69,0.02,0.19,0.59,0.66,4.42,47,176,3.54,8,1,53.57,2,6.35,3.41,7.71,24.1,11.02,2.1,2.85,66,10
40,Male,136880,0.78,5,13,6.14,0.39,2.68,5,3.97,5.82,5.69,5.9,75.71,73.37,1.27,0.56,0.3,0.32,0.28,0.49,10.36,11,34,0.59,8,0,359.26,6,10.0,4.56,4.14,21.74,5.19,5.65,1.62,44,4
49,Male,22575,3.04,12,9,10.72,1.04,3.53,4,5.23,7.98,3.64,6.34,75.9,78.69,1.46,0.32,0.45,0.34,0.65,0.39,6.94,21,370,3.33,1,1,1754.34,6,5.25,4.11,1.19,23.69,7.76,4.51,3.89,83,4
53,Male,22086,0.77,33,15,4.59,4.77,1.14,7,2.33,7.48,7.58,6.33,87.52,61.06,0.0,0.33,0.08,0.47,0.24,0.69,6.26,9,128,1.19,3,1,47.03,9,8.05,3.21,8.74,22.27,5.4,2.02,5.22,16,3
48,Female,22301,1.26,36,6,5.84,4.43,2.08,6,3.11,6.65,6.92,8.11,88.67,79.99,0.36,0.42,0.55,0.52,0.09,0.59,1.44,43,347,2.51,5,0,852.99,10,5.18,2.81,1.78,28.37,8.3,3.99,5.69,93,2
39,Female,127283,2.83,1,4,7.94,1.28,0.36,3,5.22,5.1,6.06,8.57,71.84,72.41,0.07,0.75,0.19,0.22,0.13,0.45,7.6,20,272,0.6,10,1,588.2,7,7.48,5.65,8.36,24.71,9.12,5.23,2.53,58,2
29,Male,47652,7.92,5,2,6.97,0.68,3.73,7,4.8,4.04,6.86,4.18,44.27,100.0,7.77,0.61,0.43,0.63,0.54,0.72,12.72,39,111,2.71,1,1,49.29,1,4.09,2.93,4.74,20.44,11.5,1.33,5.88,32,7
21,Male,131888,0.92,13,5,5.63,9.14,0.61,6,5.68,4.2,8.75,7.7,70.13,75.04,2.22,0.52,0.5,0.34,0.51,0.65,2.33,5,263,2.88,6,1,371.29,6,4.03,6.73,7.89,20.12,4.03,7.52,8.62,52,8
45,Male,56098,4.33,16,22,7.38,2.76,0.82,8,5.66,4.03,3.41,5.12,35.97,100.0,4.38,0.18,0.66,0.62,0.49,0.51,9.03,11,316,0.73,2,1,70.6,5,6.08,6.62,7.17,32.51,5.04,3.31,2.14,31,9
32,Other,76224,6.64,11,6,9.46,0.26,1.39,6,4.98,5.65,3.51,5.7,82.96,100.0,5.56,0.72,0.39,0.66,0.4,0.48,3.41,40,1,2.0,7,0,200.88,2,5.38,5.92,3.67,22.75,13.42,0.38,1.47,82,1
25,Female,147379,9.47,7,22,8.85,2.41,3.13,4,2.74,7.86,5.12,5.96,51.54,86.6,5.53,0.85,0.31,0.34,0.42,0.51,3.73,31,198,3.99,0,0,474.73,2,2.8,4.7,5.3,22.07,12.23,2.86,3.52,11,6
40,Female,129094,3.79,15,9,6.2,1.29,0.3,3,4.95,8.8,9.75,9.3,70.2,84.21,3.43,0.49,0.06,0.12,0.96,0.28,1.78,32,245,0.55,6,1,423.07,3,4.26,5.53,3.85,27.89,14.09,6.24,5.43,58,3
41,Female,27454,1.48,36,14,8.41,0.68,3.01,2,3.66,3.71,5.41,8.74,52.6,81.11,2.24,0.02,0.47,0.74,0.69,0.05,1.07,5,448,0.64,9,0,223.69,2,8.81,4.15,6.55,22.07,5.3,6.73,3.63,89,3
25,Male,94524,2.73,23,7,7.77,0.1,0.65,7,8.41,3.81,6.62,7.58,66.04,93.77,2.23,0.12,0.06,0.76,0.87,0.56,2.13,14,453,1.2,3,0,763.24,5,5.64,0.92,5.73,23.73,9.04,3.47,1.85,94,9
58,Female,125873,2.94,25,13,8.88,0.29,0.61,7,6.12,4.87,4.89,6.24,63.83,63.85,1.94,0.66,0.42,0.44,0.63,0.47,14.08,5,227,0.65,10,1,917.28,2,5.22,3.71,7.1,25.96,4.47,4.35,2.72,24,3
47,Female,52891,5.97,3,1,5.24,2.4,0.69,4,6.36,6.48,8.0,5.65,83.23,65.17,4.61,0.64,0.38,0.38,0.51,0.62,16.75,30,487,2.39,5,0,1031.02,10,5.1,5.87,7.01,22.33,8.72,7.79,3.94,72,7
18,Male,88425,0.28,37,19,6.22,0.95,1.31,4,2.78,2.48,5.93,5.23,78.54,63.23,1.8,0.18,0.44,0.56,0.41,0.24,1.48,15,359,0.42,1,1,174.96,7,6.07,4.67,6.13,20.06,1.04,0.89,6.17,15,5
30,Female,72995,4.63,32,13,9.23,0.38,2.66,3,3.13,2.64,7.49,6.32,75.89,62.75,3.16,0.23,0.07,0.74,0.33,0.68,5.82,30,256,0.26,10,1,332.5,7,4.4,4.53,7.93,18.47,6.78,5.48,3.36,85,3
17,Female,77958,0.71,36,0,6.42,2.05,0.04,6,5.94,5.87,4.32,6.32,80.06,70.13,0.0,0.5,0.09,0.54,0.7,0.22,6.76,47,397,2.27,0,0,317.68,3,5.91,2.22,4.93,23.69,5.39,7.48,2.28,50,3
59,Female,143262,4.25,19,15,6.99,1.19,0.23,7,6.7,8.64,3.6,10.0,70.99,47.27,3.37,0.84,0.05,0.23,0.57,0.35,6.75,27,102,1.49,0,0,118.35,5,4.93,4.58,7.18,26.95,6.95,5.49,3.2,28,8
37,Male,24565,3.43,30,20,7.66,1.52,0.27,3,7.15,2.97,5.44,7.5,70.31,26.47,2.43,0.33,0.09,0.86,0.61,0.86,21.92,1,238,0.94,7,0,1222.56,8,7.65,5.41,4.48,16.31,13.87,3.31,2.32,78,8
14,Female,126978,1.87,36,7,3.92,3.61,2.47,9,4.06,0.0,4.7,6.22,55.36,51.79,2.04,0.36,0.45,0.72,0.19,0.23,4.19,49,355,0.57,4,1,14.96,6,5.76,4.28,6.33,28.2,10.18,4.45,3.14,34,5
22,Female,125660,4.21,24,24,8.0,0.6,0.37,9,6.79,3.82,5.24,5.06,100.0,77.61,5.64,0.27,0.35,0.27,0.63,0.55,4.88,36,241,1.68,0,0,769.84,9,5.09,5.82,6.44,19.91,4.68,7.69,3.19,75,5
42,Male,68304,1.4,35,10,7.09,1.52,7.25,4,5.01,0.86,4.91,3.16,81.4,72.73,0.51,0.2,0.12,0.38,0.33,0.75,4.16,12,217,2.15,8,1,592.09,3,3.57,5.22,3.91,22.73,12.34,4.86,6.33,12,1
57,Female,91429,2.78,27,17,5.85,2.49,2.91,5,5.27,5.67,4.25,7.92,84.17,39.79,2.12,0.56,0.31,0.66,0.44,0.71,3.45,12,182,1.49,4,0,1527.9,0,4.23,4.45,3.72,22.96,7.88,7.02,2.13,6,9
17,Female,124043,0.72,1,9,6.42,4.15,0.52,7,3.65,3.45,5.36,4.57,41.66,84.8,0.0,0.54,0.07,0.64,0.1,0.48,2.7,13,52,2.23,8,1,2106.99,6,4.63,8.3,5.58,20.46,1.83,4.79,1.82,51,7
45,Female,144647,3.9,35,23,6.28,1.19,0.68,7,3.81,1.48,5.71,7.96,77.6,56.05,4.39,0.22,0.28,0.46,0.65,0.17,4.08,23,488,0.65,3,1,7.88,2,6.14,2.68,8.64,19.82,10.45,4.19,3.95,8,2
13,Male,149534,4.7,4,11,7.45,9.46,1.71,10,4.07,3.78,6.15,1.3,80.62,66.8,2.35,0.42,0.26,0.29,0.88,0.66,1.94,24,194,1.51,7,0,555.28,0,2.41,3.77,5.74,20.44,9.5,3.7,5.38,16,10
30,Female,50281,6.71,7,8,5.46,0.93,0.05,2,2.38,4.09,6.26,7.0,80.83,74.81,5.81,0.93,0.52,0.54,0.36,0.83,8.77,28,273,2.37,1,0,2085.46,10,4.67,7.05,3.96,28.98,9.31,4.06,5.95,85,10
44,Male,109242,7.88,21,8,6.13,9.82,0.48,6,3.32,7.83,5.45,9.62,57.4,60.8,7.33,0.27,0.3,0.31,0.29,0.04,7.35,2,264,0.66,6,1,112.3,5,6.69,6.23,6.85,28.0,11.59,5.07,5.02,86,5
59,Male,23984,4.0,6,4,7.25,2.49,3.67,3,7.06,8.13,4.13,7.2,76.84,30.42,1.9,0.92,0.09,0.4,0.25,0.1,7.6,8,436,0.91,7,0,28.47,6,4.25,2.21,10.0,35.11,9.32,5.72,4.93,50,5
23,Female,94195,2.13,22,16,6.45,0.59,2.55,10,0.73,0.0,5.99,4.91,97.45,72.18,1.16,0.27,0.21,0.1,0.71,0.73,3.5,6,38,3.1,3,1,1123.1,1,6.78,4.6,5.55,27.91,6.41,7.1,2.1,95,10
33,Male,7401,3.92,18,1,7.47,1.22,2.21,1,7.43,5.97,4.81,9.53,47.56,67.17,4.19,0.71,0.06,0.42,0.31,0.81,5.98,45,128,0.98,8,0,222.71,7,6.65,5.86,5.57,29.78,5.54,2.68,3.39,37,2
38,Male,91912,13.24,15,10,8.11,0.05,6.26,8,2.15,6.28,5.4,6.44,61.41,77.73,10.0,0.52,0.3,0.16,0.68,0.89,3.0,7,282,1.3,1,1,136.22,9,5.03,4.82,6.41,21.7,17.94,0.21,5.06,49,10
37,Female,85906,2.03,26,23,5.91,1.39,1.0,7,8.61,2.54,7.44,8.03,67.6,56.27,1.12,0.34,0.36,0.55,0.33,0.91,1.78,15,253,3.19,2,1,458.55,6,3.12,2.91,8.52,20.48,4.2,6.04,0.43,0,9
34,Female,97723,1.94,18,1,7.26,0.24,4.09,2,2.18,0.0,6.77,6.96,48.92,59.53,2.9,0.97,0.29,0.65,0.8,0.49,2.63,15,379,1.52,9,0,134.2,1,3.52,6.43,4.02,23.69,7.8,2.16,3.24,72,1
39,Male,51809,6.74,32,17,7.58,3.26,3.78,6,5.25,2.83,9.58,3.99,84.09,68.31,4.37,0.58,0.17,0.18,0.32,0.41,5.3,0,95,2.0,4,0,176.92,5,2.37,5.22,5.44,17.86,7.7,5.34,0.0,67,2
25,Male,41380,2.52,36,2,8.19,5.98,0.66,2,3.86,7.82,8.53,4.48,78.09,90.01,0.98,0.58,0.21,0.21,0.34,0.82,4.91,25,411,1.61,5,1,682.92,1,0.59,2.3,6.12,16.97,4.85,5.31,3.46,34,5
45,Female,8789,3.22,7,0,3.11,6.05,0.84,1,3.65,7.25,4.47,9.58,69.28,85.43,2.98,0.44,0.28,0.34,0.31,0.32,8.68,20,36,1.45,4,1,523.26,6,2.26,10.0,6.83,25.16,5.23,6.65,1.45,31,10
46,Male,68607,1.94,36,15,6.51,1.46,7.36,7,1.7,2.55,4.93,6.76,57.99,76.26,1.13,0.17,0.53,0.17,0.54,0.59,5.61,16,135,0.5,2,0,74.81,0,4.59,5.57,6.42,20.19,3.77,3.19,5.01,53,10
53,Female,131009,7.5,26,9,5.99,2.06,0.4,10,2.93,5.21,3.18,1.36,52.03,63.17,5.34,0.17,0.39,0.07,0.59,0.75,2.25,31,253,2.71,7,0,83.96,6,5.02,4.03,4.24,21.38,7.74,7.14,4.1,43,6
47,Male,47867,4.25,34,14,9.85,7.94,1.9,6,5.4,6.32,4.82,4.34,100.0,74.73,3.9,0.08,0.27,0.25,0.39,0.84,7.62,36,284,0.78,4,0,112.98,7,6.39,6.8,4.01,19.62,6.72,6.5,3.11,1,7
13,Other,86190,0.86,22,23,4.44,9.43,2.41,2,4.09,3.39,5.94,6.36,73.91,86.09,1.25,0.76,0.54,0.76,0.68,0.25,6.29,17,63,1.36,7,0,37.9,5,8.64,6.19,7.62,22.93,4.15,6.38,6.01,74,7
33,Female,93948,7.53,8,1,7.4,1.5,1.82,10,5.19,6.57,6.22,6.19,79.46,50.84,3.81,0.11,0.67,0.64,0.27,0.97,7.72,29,170,4.22,7,0,1284.47,3,4.25,5.68,7.3,25.65,9.95,5.78,0.78,25,1
18,Male,73739,5.96,32,8,5.7,1.44,2.33,2,1.75,7.43,6.05,10.0,89.81,90.46,4.25,0.42,0.31,0.5,0.65,0.62,9.12,34,370,1.41,1,0,707.48,8,4.44,5.13,10.0,31.05,9.88,6.64,2.31,23,9
40,Male,112706,2.48,2,20,7.3,1.11,1.82,7,3.59,7.24,7.29,4.32,68.96,62.45,0.0,0.86,0.26,0.37,0.85,0.56,9.1,24,213,1.49,2,0,422.49,4,5.36,4.56,10.0,21.1,5.31,3.67,2.88,93,2
29,Male,31319,7.92,2,1,5.05,2.04,7.19,4,3.86,0.89,6.75,6.68,60.01,60.05,7.44,0.45,0.35,0.52,0.96,0.23,6.2,32,169,1.79,0,0,941.04,7,5.63,5.53,8.6,26.97,10.54,2.29,6.45,86,10
17,Female,73952,0.72,35,20,6.5,0.68,3.97,5,2.96,4.92,4.05,6.17,60.85,96.23,3.08,0.33,0.22,0.35,0.62,0.83,4.58,14,420,6.16,4,1,718.85,1,6.5,7.9,5.23,25.56,4.15,5.54,4.81,14,1
43,Male,102970,7.51,26,15,6.35,4.07,1.06,6,4.35,0.0,6.72,8.35,79.38,64.92,6.3,0.37,0.12,0.86,0.42,0.54,10.17,14,65,0.94,9,1,35.98,6,5.57,6.98,6.23,23.71,16.48,3.19,4.37,6,3
17,Male,108148,5.39,5,8,6.21,0.27,5.75,7,2.1,0.0,7.25,5.75,58.51,64.72,5.26,0.41,0.48,0.44,0.38,0.56,3.06,5,82,3.54,4,1,1043.63,4,6.67,6.16,4.47,22.61,8.75,7.98,5.95,6,2
50,Male,118984,0.54,8,12,5.86,2.4,0.6,4,6.08,2.19,2.7,7.07,81.09,66.43,0.17,0.46,0.24,0.16,0.25,0.7,8.67,37,445,6.06,9,1,49.23,8,4.04,6.49,4.06,25.67,1.22,6.63,2.34,44,6
15,Male,76381,3.77,26,10,6.06,0.83,3.68,8,4.77,5.25,4.09,5.71,78.72,48.91,1.83,0.85,0.3,0.75,0.25,0.6,3.55,26,455,0.65,4,0,22.91,8,7.17,6.71,8.28,26.8,17.56,2.48,4.82,52,3
35,Male,19122,4.54,32,24,8.02,2.0,1.01,8,4.39,3.49,8.5,7.32,62.48,78.33,2.25,0.64,0.29,0.51,0.58,0.51,5.75,9,229,1.33,0,1,192.12,4,4.97,3.42,8.17,18.47,6.27,6.38,4.81,43,10
49,Female,12765,2.41,30,24,4.8,5.63,3.64,9,3.74,1.61,3.11,6.54,55.12,72.46,1.53,0.29,0.17,0.13,0.63,0.16,1.58,9,19,1.54,5,0,146.45,8,6.87,4.38,6.86,19.24,11.86,3.86,0.11,17,2
49,Female,128238,5.31,32,21,8.12,4.09,3.39,4,6.76,8.94,4.01,6.81,70.99,55.06,3.67,0.48,0.37,0.59,0.38,0.77,2.14,22,475,0.57,6,0,471.35,8,4.67,8.54,8.67,24.32,7.76,6.62,3.06,40,5
22,Female,80115,3.64,29,12,7.95,1.48,2.33,10,7.41,6.03,4.39,6.55,60.79,60.81,2.32,0.13,0.14,0.56,0.17,0.56,7.68,26,146,2.39,8,1,202.63,9,4.06,5.24,5.86,28.04,6.19,7.63,2.96,72,8
22,Male,52256,2.05,14,10,4.53,0.77,0.11,5,8.59,7.19,6.17,5.21,75.38,64.43,0.77,0.5,0.13,0.22,0.53,0.27,5.57,14,406,1.31,4,1,999.45,5,6.52,7.15,7.6,21.53,10.97,2.33,2.88,45,2
31,Male,50790,1.91,24,17,5.69,0.36,0.31,3,4.55,1.56,5.58,6.06,74.74,95.32,0.88,0.62,0.28,0.31,0.96,0.44,6.35,0,382,5.74,7,0,39.49,4,2.83,5.87,6.12,21.34,2.72,5.78,2.73,19,9
29,Female,43790,3.49,29,24,6.31,2.18,5.47,3,4.11,4.24,7.59,6.91,78.73,100.0,1.53,0.86,0.59,0.28,0.62,0.53,4.83,5,321,1.25,5,0,792.74,7,5.34,2.03,5.82,24.74,6.02,4.76,2.07,27,10
33,Female,55205,4.62,28,0,8.67,0.29,0.47,10,3.89,9.71,5.44,6.73,25.24,70.2,4.46,0.71,0.34,0.62,0.37,0.94,4.91,21,209,2.94,3,0,240.75,7,7.86,9.45,7.21,28.14,8.84,5.26,3.62,25,4
26,Female,89734,2.38,18,3,8.03,1.08,0.66,1,5.12,2.05,4.59,8.79,52.82,77.54,1.18,0.2,0.58,0.69,0.49,0.83,2.26,6,188,2.08,10,0,658.04,4,6.09,5.59,3.62,19.68,3.59,4.13,4.34,97,3
21,Female,142452,3.43,11,10,6.98,0.55,3.04,8,2.94,5.07,2.84,6.18,100.0,76.05,0.78,0.26,0.23,0.25,0.93,0.47,7.31,16,315,3.52,5,1,170.16,3,2.84,6.13,7.04,16.93,5.1,4.67,3.47,72,4
58,Female,81360,5.44,7,14,8.71,0.12,0.23,6,5.96,5.17,3.9,6.88,63.97,80.64,4.81,0.22,0.23,0.3,0.57,0.54,2.7,19,410,1.7,4,1,336.1,9,2.21,7.54,4.22,19.94,8.53,5.83,4.18,96,3
13,Female,120479,3.41,37,24,5.6,3.8,1.61,4,4.78,0.96,7.74,6.06,85.3,76.94,0.0,0.57,0.63,0.17,0.73,0.63,1.88,47,248,2.2,5,1,70.8,4,2.81,4.74,8.22,29.79,5.95,7.18,2.65,1,10
57,Female,62355,5.53,9,13,5.75,0.44,1.08,1,5.0,8.34,3.41,6.69,46.96,44.8,4.55,0.19,0.13,0.36,0.51,0.58,1.19,9,205,1.2,7,1,23.1,9,1.55,6.65,2.93,23.92,6.51,5.18,2.67,83,5
25,Male,101204,7.78,21,5,7.21,0.87,0.0,4,7.98,4.01,8.52,5.94,55.69,74.65,5.67,0.76,0.08,0.61,0.42,0.48,13.37,24,322,1.4,3,1,236.81,8,4.02,4.18,9.1,23.79,10.95,7.34,1.8,48,9
16,Female,12612,6.38,27,3,5.58,3.01,0.59,10,4.23,6.13,10.0,6.01,82.29,58.03,5.02,0.15,0.31,0.51,0.78,0.76,5.74,26,233,2.91,3,1,645.84,2,5.62,3.89,3.46,26.33,23.23,8.53,5.44,45,6
13,Male,101279,6.21,22,18,7.49,3.77,1.13,2,5.47,4.65,7.74,5.67,56.8,57.73,6.01,0.49,0.1,0.07,0.78,0.13,9.09,29,262,0.7,7,1,563.88,0,4.71,6.01,5.13,29.25,8.0,3.69,6.85,20,4
52,Male,54742,1.69,39,10,6.39,0.59,1.94,10,3.18,6.14,4.73,5.94,79.05,100.0,2.2,0.41,0.33,0.22,0.8,0.41,0.91,47,313,4.38,4,1,359.78,10,4.98,5.48,6.4,20.15,2.79,5.73,3.58,23,5
44,Female,93207,5.43,6,8,7.73,0.34,0.16,4,4.63,4.58,4.79,8.74,75.05,88.56,3.35,0.42,0.26,0.42,0.39,0.66,10.78,46,34,1.62,0,0,773.56,0,4.64,4.13,8.36,22.68,7.48,5.94,2.08,45,9
46,Female,105115,1.59,21,19,10.62,2.23,2.05,7,3.45,3.44,7.03,6.11,92.66,47.3,1.27,0.75,0.22,0.27,0.63,0.31,1.15,26,38,0.8,3,1,1317.36,8,6.37,4.55,5.4,23.17,3.97,0.09,2.64,95,8
40,Other,41308,6.25,9,2,6.33,4.4,0.78,3,5.77,6.45,5.57,2.03,49.58,65.29,5.29,0.33,0.09,0.67,0.27,0.98,1.74,44,102,1.92,2,0,373.98,0,1.72,6.96,4.16,30.13,7.84,5.43,7.23,47,6
43,Male,113114,3.75,20,6,8.2,1.73,0.73,3,6.83,4.22,2.98,5.9,69.94,59.46,0.41,0.68,0.21,0.42,0.23,0.38,7.13,47,151,1.56,5,1,1369.93,5,4.64,5.57,1.5,21.19,4.71,5.1,8.3,17,7
20,Female,112760,0.26,28,6,7.0,4.12,0.83,2,6.62,4.43,6.84,7.25,55.56,74.02,0.58,0.49,0.22,0.07,0.3,0.24,10.91,7,124,0.88,2,1,60.8,2,6.14,3.49,7.23,22.0,3.0,3.29,3.04,58,2
51,Female,59586,0.64,18,16,6.17,1.6,0.79,2,5.72,7.87,3.4,2.74,44.05,84.15,0.0,0.22,0.38,0.64,0.07,0.53,0.92,10,413,2.76,7,0,1284.29,8,4.81,4.41,8.96,31.1,5.07,5.91,1.86,23,4
38,Male,49178,4.37,35,14,6.94,1.31,5.26,3,1.34,7.05,6.51,7.68,77.92,71.63,4.77,0.39,0.11,0.58,0.64,0.25,5.54,20,44,0.74,0,1,1021.43,5,2.36,4.57,4.72,29.83,6.64,5.17,4.82,7,6
46,Female,48057,0.61,1,20,9.68,10.83,1.44,2,2.69,1.14,5.44,5.67,90.4,58.3,0.16,0.37,0.17,0.63,0.33,0.89,3.36,35,98,1.58,5,0,808.42,3,6.34,1.64,9.58,26.21,8.03,3.55,9.75,81,9
15,Female,119429,2.92,25,8,5.71,0.05,2.36,2,5.04,3.67,3.55,7.12,53.75,81.53,3.86,0.8,0.48,0.28,0.48,0.81,2.0,28,444,2.44,9,0,250.1,7,3.89,3.36,5.3,18.72,4.76,3.59,2.74,66,8
24,Female,130597,4.68,34,10,4.73,0.69,7.86,9,3.48,2.27,8.89,3.0,71.44,64.71,2.84,0.16,0.32,0.25,0.44,0.48,3.8,0,255,1.59,7,1,140.84,5,2.97,4.37,8.89,18.39,10.25,3.64,1.23,42,3
13,Male,40376,4.77,36,2,6.3,1.46,2.83,2,2.93,2.07,6.76,7.23,79.76,83.4,2.69,0.74,0.2,0.15,0.15,0.49,4.82,2,458,0.45,8,1,573.96,1,3.67,3.47,7.11,24.88,5.49,6.11,0.34,26,7
56,Male,107601,1.45,1,24,7.04,0.22,0.96,2,2.0,2.33,6.05,0.88,61.07,46.32,0.14,0.72,0.27,0.6,0.8,0.1,5.66,23,320,1.73,9,1,158.45,3,2.6,5.2,6.21,33.17,5.0,7.33,4.2,95,4
17,Male,17211,3.4,5,17,6.04,0.07,2.96,7,10.0,1.28,4.88,6.24,79.09,65.78,3.54,0.81,0.5,0.08,0.24,0.58,1.68,0,498,3.64,2,1,1048.88,1,3.35,6.52,3.61,17.0,5.41,2.57,4.71,72,3
42,Female,29582,1.43,12,7,5.65,0.3,1.22,8,6.5,5.75,6.27,5.37,56.08,92.21,0.0,0.47,0.38,0.33,0.41,0.49,1.63,6,3,2.06,4,1,412.7,2,2.0,6.57,5.98,28.49,4.68,6.5,3.54,78,8
42,Female,30916,3.2,15,5,6.53,7.89,0.91,6,3.01,5.38,5.17,8.29,59.43,79.6,3.18,0.42,0.09,0.16,0.48,0.94,4.23,8,423,1.63,0,1,247.4,4,4.68,4.95,7.14,26.19,8.05,5.12,5.61,95,2
29,Female,32232,3.01,35,21,5.44,0.94,0.07,4,5.55,4.26,6.19,6.42,67.11,67.56,3.16,0.41,0.4,0.42,0.76,0.65,1.09,28,131,1.96,3,0,583.07,3,2.96,7.85,5.57,25.17,11.23,7.14,4.02,51,10
59,Female,135117,4.0,4,18,5.87,1.25,0.49,1,5.66,7.43,5.71,9.01,64.47,77.61,1.52,0.51,0.19,0.27,0.41,0.59,8.94,26,312,1.63,7,0,315.31,7,2.88,3.4,8.52,20.37,6.2,4.86,2.76,40,3
35,Female,127702,7.67,3,6,5.15,9.23,1.71,7,1.6,4.44,2.74,7.71,70.52,55.96,6.09,0.22,0.39,0.61,0.12,0.48,14.36,5,198,0.45,2,0,1130.58,7,6.36,2.9,5.8,17.05,10.55,5.09,7.21,62,7
27,Male,24728,0.92,34,8,6.39,1.03,1.99,8,4.49,9.08,6.99,5.3,64.39,70.69,0.75,0.66,0.3,0.17,0.87,0.41,14.53,10,101,4.92,7,0,83.74,9,5.97,5.73,8.84,23.07,4.86,4.51,3.82,90,5
49,Female,58959,1.11,39,9,8.3,3.17,4.01,8,4.02,5.61,4.52,8.0,83.61,70.51,2.73,0.53,0.61,0.45,0.31,0.36,8.69,3,380,3.82,1,1,1331.51,1,4.63,3.8,8.54,22.64,1.26,4.77,7.03,4,4
33,Female,13229,2.06,12,6,4.63,2.48,1.43,2,3.12,4.45,3.6,8.82,64.34,69.27,1.88,0.88,0.17,0.51,0.22,0.57,0.54,42,489,0.41,2,1,370.85,7,5.71,3.98,6.96,22.13,5.5,5.58,4.38,2,5
26,Female,83920,6.11,10,16,6.62,2.19,1.44,7,3.6,1.6,4.57,6.52,57.98,70.67,4.22,0.29,0.19,0.69,0.36,0.14,0.94,13,232,3.16,8,0,1072.86,5,4.63,0.7,7.35,25.49,8.87,2.96,2.99,93,3
14,Female,102620,1.11,3,12,7.85,1.77,0.4,4,2.44,5.06,7.32,3.5,79.88,68.77,0.78,0.77,0.17,0.3,0.71,0.34,2.55,0,170,1.29,2,0,236.58,1,3.99,4.15,4.74,19.4,4.29,2.67,4.69,62,1
23,Male,80626,1.02,9,7,7.85,6.84,0.26,5,3.6,2.23,5.71,5.37,74.38,86.41,1.69,0.89,0.53,0.43,0.42,0.78,16.08,8,266,3.65,5,0,2607.91,6,2.74,7.5,6.93,27.2,5.7,2.78,6.7,59,2
51,Male,120587,1.44,6,20,7.5,2.55,2.61,9,5.89,6.22,4.22,3.62,74.15,85.71,1.17,0.07,0.37,0.42,0.51,0.24,3.56,7,104,0.98,1,0,110.22,0,7.47,5.41,8.99,26.77,12.29,4.76,3.74,27,7
50,Female,100440,1.06,11,15,10.77,3.79,1.7,7,4.24,6.61,4.19,7.88,65.15,70.98,2.0,0.24,0.3,0.51,0.29,0.55,3.59,21,215,5.5,1,0,80.13,10,7.44,3.03,5.97,25.11,6.81,6.4,1.9,9,9
46,Male,63018,2.48,21,3,7.4,0.99,1.95,10,5.87,3.03,9.67,6.05,63.79,74.24,0.77,0.25,0.47,0.41,0.23,0.53,4.58,26,246,1.32,3,1,700.0,4,5.44,3.01,5.37,23.23,7.91,2.95,4.57,44,8
50,Male,99538,2.21,37,6,8.95,1.41,2.49,6,7.93,4.22,5.38,3.42,75.89,69.07,3.14,0.23,0.15,0.1,0.34,0.36,3.03,30,335,2.33,2,1,424.49,10,4.01,7.47,6.11,25.13,7.77,5.92,3.6,35,4
46,Female,110238,3.99,11,21,5.1,2.41,0.31,9,3.3,0.0,6.48,7.93,84.97,63.19,3.22,0.25,0.34,0.45,0.69,0.42,9.37,9,267,1.53,6,1,93.1,1,3.3,4.7,4.7,23.93,7.79,3.72,4.38,38,5
30,Female,31495,8.37,3,3,6.6,7.51,2.33,4,6.08,5.59,8.15,3.53,72.57,82.36,5.19,0.88,0.3,0.46,0.79,0.2,9.78,31,467,0.39,10,0,84.76,3,3.85,6.29,2.0,30.17,10.12,3.4,7.14,4,5
42,Female,100756,2.84,4,16,5.3,0.21,2.22,5,4.94,6.4,7.61,5.75,73.56,74.89,3.29,0.34,0.36,0.5,0.4,0.34,3.6,14,86,1.1,5,0,631.12,9,5.53,6.47,4.44,27.46,4.61,5.6,2.03,97,10
27,Male,106126,1.08,32,17,5.46,1.84,5.88,3,5.7,3.23,5.97,7.12,95.54,71.04,0.0,0.8,0.2,0.75,0.46,0.57,2.97,33,373,0.58,9,0,1672.15,7,6.84,6.7,3.82,26.15,2.04,3.93,6.52,72,2
39,Male,77075,2.37,22,14,8.87,0.69,6.59,1,7.02,4.54,4.49,5.4,67.1,55.33,0.41,0.5,0.25,0.42,0.43,0.67,5.05,14,497,2.34,8,0,279.74,8,1.93,5.03,5.18,13.04,6.83,5.82,5.36,90,4
46,Male,49183,0.95,24,13,7.35,4.09,1.89,2,6.83,3.82,5.55,5.8,69.97,90.04,0.0,0.42,0.12,0.73,0.45,0.34,5.46,17,133,1.69,5,0,1306.68,5,5.14,3.82,2.25,25.31,4.32,1.88,4.59,5,1
50,Female,13444,1.78,8,14,6.17,3.05,2.1,7,6.56,7.65,10.0,4.87,58.23,50.32,1.25,0.86,0.35,0.39,0.67,0.84,10.52,46,415,1.11,4,0,48.5,7,0.0,5.07,4.9,31.18,6.09,2.25,4.73,7,7
45,Female,74397,1.14,7,14,9.51,0.74,8.38,1,3.54,0.39,5.9,7.59,63.86,77.55,0.0,0.75,0.2,0.26,0.15,0.97,3.12,48,47,4.05,9,1,508.13,1,7.3,6.51,3.64,22.31,9.3,2.04,5.57,91,6
36,Male,124922,9.34,15,12,5.21,4.99,0.1,10,5.0,7.99,2.17,6.76,93.48,88.95,7.59,0.41,0.32,0.2,0.35,0.67,5.71,4,381,0.19,9,0,41.4,2,10.0,0.51,1.64,26.03,13.2,0.98,3.94,36,4
27,Male,42058,4.66,30,7,9.25,2.52,3.61,7,2.18,6.16,4.15,6.32,78.39,87.0,3.16,0.51,0.21,0.33,0.86,0.33,4.09,48,47,2.33,4,0,768.92,0,3.76,2.22,6.08,25.65,12.53,7.0,4.35,23,8
42,Male,130177,3.41,29,2,6.74,0.66,8.25,3,4.19,7.26,3.13,8.34,38.68,60.63,2.76,0.86,0.28,0.25,0.55,0.34,6.94,33,317,3.28,5,0,135.81,7,3.3,6.14,8.66,27.33,5.53,3.31,5.07,65,8
54,Male,61500,9.9,6,7,6.29,1.33,1.18,7,6.33,8.1,3.36,3.85,66.22,75.81,6.06,0.35,0.19,0.62,0.65,0.2,4.99,26,398,1.34,9,0,11.01,3,0.89,6.19,5.76,23.04,13.69,4.93,7.83,37,2
29,Male,74964,8.11,25,0,7.31,1.06,3.05,6,6.62,7.57,5.92,8.2,100.0,51.47,4.8,0.64,0.23,0.21,0.33,0.21,2.37,22,88,1.8,7,0,1621.27,4,1.38,7.17,6.6,23.84,12.15,4.13,3.44,57,6
17,Male,120256,6.07,13,16,7.18,7.09,2.68,5,4.73,0.0,7.34,6.14,78.28,73.91,4.54,0.22,0.05,0.38,0.39,0.73,2.99,45,93,5.84,3,1,262.31,3,5.67,3.97,3.96,22.76,7.59,5.89,4.37,52,8
41,Female,144338,6.61,17,23,5.45,6.13,0.33,1,3.87,7.01,6.31,6.05,76.72,48.76,4.03,0.29,0.38,0.81,0.42,0.74,0.78,3,280,0.44,1,0,749.17,4,7.7,6.21,4.6,22.97,10.69,7.84,4.14,17,8
16,Male,133877,1.4,15,22,5.0,2.68,1.09,3,0.94,4.31,5.04,2.02,100.0,65.41,1.74,0.52,0.21,0.32,0.44,0.48,11.39,12,366,1.78,10,1,3801.65,10,7.15,5.64,6.24,27.81,9.34,3.71,1.34,19,1
22,Male,21252,7.39,9,12,5.2,0.31,2.56,6,6.57,5.58,7.86,5.35,49.59,56.69,3.93,0.16,0.05,0.05,0.02,0.32,5.03,48,42,1.24,2,1,552.41,5,6.13,7.58,7.08,21.34,15.4,10.0,3.78,86,7
29,Female,116440,1.66,15,14,6.28,1.19,2.92,1,6.5,4.09,4.51,6.4,67.53,73.86,0.0,0.65,0.44,0.72,0.47,0.28,5.36,16,307,3.79,1,1,661.38,4,1.81,6.15,5.92,18.55,6.77,3.51,0.68,54,1
22,Male,83016,5.28,33,4,6.86,0.84,0.1,2,3.15,7.37,5.53,3.07,58.78,75.26,4.07,0.74,0.21,0.09,0.88,0.15,9.23,41,350,2.1,2,0,330.07,10,9.02,3.1,7.07,25.14,5.75,3.97,8.35,44,4
29,Male,71122,1.34,17,4,8.61,3.78,0.61,2,3.43,6.11,6.53,7.08,59.75,70.1,0.0,0.48,0.33,0.23,0.5,0.81,5.21,25,140,5.96,0,1,174.14,6,5.02,0.87,4.58,26.48,2.0,4.34,6.62,8,3
32,Female,101709,3.34,18,8,5.91,3.48,0.69,1,4.01,4.66,5.93,6.86,97.89,72.23,1.58,0.16,0.17,0.4,0.5,0.79,18.13,3,27,6.05,4,1,349.98,7,6.22,3.99,4.71,28.39,4.79,6.25,4.49,8,10
36,Female,133245,3.02,26,5,10.0,0.73,4.94,8,5.3,6.98,4.94,6.21,70.95,70.55,1.51,0.15,0.2,0.22,0.3,0.82,1.61,18,269,3.08,6,0,2160.48,6,7.71,1.6,4.62,20.41,3.52,4.53,1.73,70,2
17,Female,11368,5.71,26,0,6.35,1.86,4.04,8,4.82,5.73,5.93,1.56,45.33,83.69,3.19,0.73,0.4,0.34,0.73,0.55,12.0,19,412,2.23,7,0,812.23,5,9.49,6.01,7.24,23.14,9.79,0.86,4.6,88,7
46,Male,73020,4.44,22,10,7.49,6.72,0.63,3,4.87,3.62,7.6,9.21,63.31,72.81,3.3,0.14,0.25,0.79,0.64,0.4,3.09,13,17,0.43,1,1,153.39,7,5.56,7.07,1.42,28.51,10.2,3.26,6.62,97,8
18,Male,88889,0.68,29,4,5.55,1.78,3.22,2,2.22,3.32,6.71,4.51,87.9,70.89,2.07,0.54,0.4,0.62,0.88,0.1,7.48,5,136,3.07,3,1,1234.33,4,2.76,1.47,5.23,26.24,8.02,4.24,5.95,82,3
14,Female,43610,1.25,31,7,6.77,1.16,0.22,10,6.56,6.79,8.01,9.91,83.4,99.29,1.63,0.54,0.56,0.78,0.28,0.13,2.99,33,104,0.55,0,1,141.75,10,2.51,0.51,7.58,28.99,8.02,6.17,9.1,41,3
25,Female,48787,4.29,2,0,3.81,2.54,3.27,9,3.54,7.47,7.82,5.01,59.32,80.54,4.1,0.45,0.22,0.55,0.83,0.45,8.69,18,67,1.62,7,0,685.7,4,4.45,1.67,4.39,17.99,8.62,6.43,0.83,34,9
55,Male,115112,3.2,12,22,4.92,3.17,2.45,8,5.05,3.55,5.97,1.57,61.44,70.4,3.81,0.38,0.48,0.58,0.77,0.18,5.9,24,287,0.48,0,1,417.88,0,4.7,3.18,9.74,22.35,13.91,4.28,6.13,26,2
55,Male,59708,4.59,31,11,5.95,0.54,2.13,9,5.54,1.45,6.2,5.92,51.01,54.91,3.18,0.69,0.07,0.61,0.43,0.17,7.25,26,499,0.69,6,1,53.63,3,4.66,5.88,6.7,21.41,14.43,0.5,4.49,97,9
23,Male,5669,3.94,16,24,6.2,1.78,2.67,9,2.4,6.44,6.94,5.78,67.87,64.25,4.51,0.87,0.34,0.13,0.52,0.52,11.8,18,17,0.83,1,1,193.79,1,1.12,8.42,9.81,32.12,6.5,4.33,5.04,73,7
59,Male,138014,12.17,33,0,7.5,1.59,2.81,10,3.96,3.5,2.18,4.68,66.13,45.44,9.01,0.45,0.43,0.59,0.2,0.71,2.68,1,364,0.99,6,0,811.7,6,5.79,7.18,5.59,23.19,17.91,0.0,6.0,16,8
35,Male,96820,1.73,9,12,8.21,5.38,8.98,4,4.33,4.88,8.29,6.22,90.81,62.29,0.0,0.28,0.52,0.14,0.51,0.41,1.09,21,73,2.16,5,1,1143.41,2,6.14,3.36,7.05,21.98,2.24,3.96,3.01,98,7
28,Female,18206,1.34,36,7,6.38,0.53,2.27,9,1.58,7.46,6.12,7.16,100.0,88.35,1.38,0.33,0.41,0.33,0.47,0.88,9.87,29,444,2.72,1,1,1384.35,7,6.31,5.07,8.86,24.69,5.91,4.97,2.58,33,3
43,Male,54116,1.31,19,10,8.62,3.73,4.0,5,3.0,2.6,2.31,9.47,93.09,70.29,0.23,0.59,0.2,0.59,0.81,0.71,6.79,47,284,1.59,5,0,195.03,6,5.74,4.06,6.5,23.54,2.27,9.57,1.86,47,10
23,Male,25460,1.97,29,6,7.34,1.87,3.21,9,6.01,7.28,6.96,4.62,53.64,63.63,0.31,0.53,0.03,0.39,0.57,0.5,10.02,16,260,0.57,4,1,120.72,0,6.26,3.92,6.31,26.38,19.34,4.44,6.79,19,5
28,Female,83246,8.52,25,15,5.98,2.34,1.53,2,4.95,9.35,5.43,5.97,72.26,55.55,4.9,0.65,0.46,0.29,0.35,0.47,5.76,44,110,1.97,7,1,1138.44,8,3.64,6.14,5.75,27.15,10.99,2.33,5.79,79,8
20,Female,7988,3.6,17,13,7.65,1.29,1.38,9,6.06,6.18,8.53,7.43,48.4,50.88,4.8,0.16,0.49,0.5,0.7,0.78,2.7,42,449,1.52,4,0,403.95,6,8.55,5.61,6.68,21.7,13.56,8.89,3.41,6,6
16,Male,103724,1.47,13,3,6.29,0.26,1.09,4,1.05,5.4,3.89,2.72,89.88,42.88,0.0,0.25,0.04,0.47,0.48,0.73,3.46,49,353,0.3,9,1,348.42,4,3.88,3.95,7.25,22.34,5.66,5.33,3.33,4,5
52,Male,22022,4.5,25,20,5.19,0.31,12.32,10,4.45,10.0,4.12,4.69,86.28,68.95,4.54,0.34,0.21,0.55,0.54,0.53,2.11,42,284,2.97,3,1,69.2,8,6.71,7.12,3.55,26.65,12.06,2.24,4.88,51,1
16,Male,68362,4.24,25,10,7.05,6.81,0.27,1,0.83,5.57,1.73,7.12,74.72,56.63,1.56,0.34,0.56,0.29,0.45,0.61,8.04,3,347,1.9,6,0,382.13,4,4.67,5.16,7.16,23.4,5.7,7.1,3.89,61,2
37,Male,116775,2.73,25,0,5.83,2.21,0.07,2,6.18,8.34,5.35,3.9,72.04,79.52,2.14,0.95,0.08,0.39,0.77,0.78,1.87,6,197,1.47,1,1,112.22,3,4.54,3.62,5.34,27.07,4.72,6.67,2.93,78,1
15,Female,133699,4.6,25,21,6.41,4.2,0.55,10,1.92,4.19,5.59,7.91,59.73,60.03,1.87,0.53,0.47,0.33,0.65,0.39,3.23,17,420,1.41,2,1,544.74,10,5.02,1.54,7.63,23.2,7.77,4.93,1.65,28,2
44,Male,12490,4.25,36,20,5.31,10.81,1.32,1,3.8,9.09,8.28,5.48,83.15,97.16,2.45,0.47,0.29,0.23,0.65,0.37,6.81,29,431,0.88,10,0,1207.54,7,7.0,5.75,8.68,17.98,5.49,9.23,5.41,63,9
15,Female,122807,5.64,39,17,7.07,1.74,0.3,3,5.76,5.07,6.3,6.11,67.86,66.08,3.8,0.17,0.05,0.43,0.15,0.84,14.2,30,219,2.69,1,0,1032.76,1,4.34,7.1,4.28,25.67,12.43,7.45,0.66,84,7
39,Male,124608,4.56,7,11,6.81,2.45,0.86,5,10.0,9.17,6.55,6.18,73.05,80.77,3.42,0.06,0.42,0.74,0.14,0.62,1.66,44,284,1.77,6,0,783.46,2,7.35,6.52,5.93,26.23,8.05,6.64,3.5,88,1
41,Female,5457,1.72,25,5,7.75,2.0,2.44,4,3.1,3.81,4.18,4.56,53.82,85.09,0.76,0.65,0.45,0.22,0.6,0.57,12.59,43,174,1.41,8,1,252.83,7,5.69,5.51,6.57,25.5,7.24,4.79,3.81,95,3
44,Male,12014,8.48,11,6,6.34,0.27,1.16,10,8.24,6.89,7.83,7.58,66.01,100.0,5.65,0.1,0.27,0.02,0.68,0.81,6.12,47,432,0.14,5,1,1457.68,4,6.75,2.49,7.74,19.25,15.04,7.55,7.02,44,2
31,Female,74599,3.75,15,20,6.0,0.22,1.13,4,5.65,4.11,2.99,4.39,48.0,74.26,3.77,0.66,0.29,0.19,0.67,0.37,20.01,24,362,2.34,2,1,1462.79,9,3.78,6.57,3.78,19.47,11.23,2.32,1.9,98,8
33,Female,54424,2.82,20,12,6.6,4.85,1.16,4,10.0,2.24,6.58,8.15,83.43,53.33,2.21,0.5,0.25,0.17,0.79,0.55,5.83,4,384,3.14,4,0,235.9,0,3.45,4.6,10.0,19.6,4.43,0.69,3.25,17,10
17,Male,49691,2.14,1,13,4.28,6.69,2.39,5,2.89,8.86,7.79,3.37,77.21,39.92,1.88,0.57,0.66,0.52,0.66,0.64,3.21,32,323,1.57,1,1,1614.73,1,2.05,4.65,9.57,26.93,9.84,2.84,1.88,51,10
30,Male,21605,0.78,4,17,7.77,1.24,0.73,7,2.99,4.57,6.76,4.07,90.32,70.34,0.48,0.77,0.27,0.46,0.48,0.78,4.21,42,411,2.98,4,1,278.31,2,4.14,7.49,5.54,30.87,4.87,7.07,3.6,48,6
40,Female,96791,4.84,34,23,6.19,1.44,1.92,2,6.09,4.24,6.72,2.46,53.48,73.43,5.12,0.13,0.16,0.33,0.74,0.81,4.28,38,73,1.56,8,1,221.41,5,5.72,5.66,4.82,26.21,10.17,5.07,5.82,40,3
54,Female,51211,6.52,39,23,7.53,1.35,12.7,9,5.51,5.05,4.63,3.13,100.0,58.49,4.23,0.32,0.49,0.38,0.54,0.26,19.69,22,344,0.38,10,0,2106.79,8,4.86,5.68,7.53,28.25,14.84,3.01,1.5,44,1
34,Male,95063,5.9,24,5,8.7,0.8,0.48,8,7.12,7.37,7.87,6.48,53.33,81.26,4.76,0.81,0.08,0.1,0.7,0.59,3.54,9,385,0.57,10,0,116.59,7,7.8,6.67,2.2,27.79,7.36,5.23,1.79,61,8
33,Male,114014,1.37,32,14,5.58,0.19,1.4,7,1.83,6.91,5.38,7.34,39.39,90.82,1.29,0.87,0.09,0.52,0.65,0.44,3.8,31,399,1.88,8,1,1450.46,10,3.44,4.13,6.25,33.05,2.86,6.28,2.8,33,1
18,Female,8237,1.19,22,23,6.02,0.21,0.01,2,4.54,7.15,6.96,6.05,71.49,64.55,0.05,0.61,0.51,0.21,0.54,0.28,4.48,22,450,0.53,9,1,1397.09,1,6.87,4.56,8.82,28.62,6.26,7.3,3.79,24,7
13,Other,52764,1.89,13,13,8.19,2.8,3.98,5,5.71,7.87,8.6,5.06,77.62,66.77,0.83,0.62,0.07,0.54,0.48,0.58,7.34,11,274,1.37,2,0,236.6,8,3.8,3.29,4.23,22.38,7.12,1.81,3.43,20,9
17,Female,37980,1.54,19,3,8.4,9.23,1.23,1,4.67,5.37,6.07,9.62,80.31,83.42,0.59,0.64,0.27,0.33,0.24,0.84,3.3,26,386,2.64,8,0,61.97,4,4.32,2.95,2.42,30.83,2.06,3.72,5.49,87,10
53,Female,128056,6.65,32,13,6.78,0.94,0.29,10,6.04,6.49,2.73,8.23,100.0,75.28,5.56,0.5,0.05,0.51,0.55,0.54,2.28,17,363,2.11,10,0,222.87,0,6.19,1.55,4.36,25.36,12.99,4.8,4.56,65,5
24,Male,106228,2.34,15,7,7.48,0.91,0.23,5,4.82,10.0,7.14,5.56,58.32,85.54,3.81,0.75,0.16,0.08,0.3,0.56,2.77,7,445,3.23,2,1,518.6,4,4.12,7.13,5.8,19.28,9.0,8.46,3.19,62,1
38,Male,79874,4.24,10,17,6.16,2.25,2.82,5,2.85,9.36,6.85,5.91,77.77,87.14,2.63,0.79,0.44,0.2,0.32,0.43,6.3,17,218,0.18,8,1,802.92,10,5.77,5.47,6.99,29.59,9.21,5.21,4.36,21,8
58,Male,25947,5.93,25,22,6.66,2.94,0.52,3,3.18,0.25,8.4,5.6,62.28,88.87,3.9,0.74,0.32,0.7,0.96,0.61,11.12,13,42,1.59,9,1,1189.93,10,5.87,3.96,6.32,17.82,10.26,2.68,4.66,67,1
46,Female,92790,5.26,7,18,4.55,0.7,0.13,2,0.95,5.13,7.49,4.4,84.33,56.58,4.79,0.22,0.29,0.56,0.75,0.49,7.79,14,77,2.97,8,0,1011.21,0,5.6,3.24,3.66,23.74,13.79,4.67,7.87,43,8
26,Female,109946,3.02,33,5,8.97,1.04,3.0,4,7.42,3.54,3.89,5.01,86.39,82.47,4.11,0.56,0.58,0.36,0.57,0.46,6.1,4,312,2.82,3,0,759.01,10,6.67,7.41,5.32,29.67,7.43,3.53,6.19,41,4
38,Male,119448,3.74,2,19,9.51,0.07,0.49,5,5.17,0.0,6.53,9.04,69.07,91.69,2.56,0.39,0.58,0.52,0.1,0.79,1.54,10,131,3.79,10,0,687.34,9,7.58,5.88,3.74,16.86,13.96,7.18,7.84,42,8
57,Female,77831,5.74,11,14,6.38,4.34,1.77,7,3.02,6.76,1.94,6.31,68.38,89.45,4.8,0.5,0.24,0.74,0.7,0.68,4.23,23,347,3.17,5,1,24.62,2,7.02,7.86,6.28,24.82,9.58,4.58,5.52,79,3
39,Female,25778,9.74,23,16,8.59,4.74,0.78,2,6.67,6.26,10.0,2.07,81.75,74.39,7.31,0.65,0.46,0.73,0.61,0.32,5.56,38,138,3.26,2,1,710.69,1,5.43,6.82,8.93,24.85,12.99,4.44,6.23,64,5
21,Female,38184,1.55,4,11,3.35,3.03,1.9,7,5.38,4.2,4.81,8.19,73.2,83.6,0.46,0.69,0.19,0.39,0.51,0.23,11.63,3,351,3.82,3,1,564.34,7,6.07,8.61,5.86,21.72,6.62,5.13,1.6,45,10
38,Male,72834,3.16,37,12,7.42,1.24,1.37,8,5.2,6.09,4.57,2.57,65.5,63.9,0.8,0.55,0.44,0.3,0.79,0.11,2.42,34,89,3.84,3,0,957.62,6,3.36,5.06,5.23,25.38,5.78,7.09,1.71,56,1
59,Male,104287,2.63,6,13,6.76,0.33,4.53,1,9.48,3.71,6.0,8.42,80.73,72.24,1.53,0.78,0.22,0.33,0.69,0.31,4.55,49,351,1.27,8,0,319.85,6,4.44,2.05,5.63,26.05,4.07,1.88,0.43,30,5
34,Female,143469,3.23,2,5,7.88,0.61,0.62,4,6.78,7.12,6.79,7.51,49.89,61.09,1.95,0.24,0.42,0.26,0.59,0.3,6.61,30,450,1.51,2,0,169.0,7,5.87,4.54,3.83,28.44,9.21,3.19,5.06,44,9
59,Female,140593,8.39,25,2,6.06,0.37,1.74,7,2.32,3.01,6.15,6.49,80.23,85.47,5.85,0.21,0.27,0.34,0.74,0.62,8.88,46,347,2.46,6,0,65.34,10,4.85,4.6,1.24,28.89,11.24,5.42,3.31,62,9
42,Other,15465,4.83,26,11,5.44,0.08,0.24,9,2.24,3.23,4.06,4.34,72.45,76.84,2.72,0.2,0.31,0.54,0.69,0.63,5.16,29,473,3.02,10,0,115.67,10,4.93,7.86,9.39,14.47,5.34,4.64,3.13,94,4
55,Female,52530,5.31,7,2,5.99,2.19,1.17,7,4.35,3.91,6.48,8.25,100.0,57.65,5.42,0.71,0.43,0.33,0.88,0.55,0.61,15,45,1.07,3,0,401.73,0,5.55,5.04,3.57,21.0,13.05,0.43,4.12,75,7
29,Male,16535,1.45,35,17,9.65,2.41,0.73,8,5.26,4.47,5.14,6.84,79.45,80.05,0.58,0.18,0.11,0.22,0.76,0.91,11.99,39,67,0.05,3,0,557.03,5,5.9,5.64,4.2,27.89,5.39,6.56,4.01,1,2
38,Male,116915,2.06,37,22,7.82,2.21,0.35,1,4.94,8.58,2.84,4.46,97.14,41.79,1.84,0.5,0.05,0.16,0.8,0.52,3.97,6,240,1.32,10,1,589.25,7,5.98,2.9,9.61,22.02,14.15,7.25,9.75,30,5
48,Male,24421,2.47,39,2,7.71,3.07,2.43,10,6.07,9.11,3.7,2.85,87.95,61.72,2.79,0.89,0.57,0.17,0.93,0.32,1.41,42,196,6.35,9,1,158.17,5,4.67,6.54,6.56,24.56,5.49,2.11,7.33,81,3
13,Male,47436,2.24,29,12,8.57,0.37,9.56,1,7.13,9.31,6.65,4.93,90.02,70.91,0.76,0.24,0.43,0.18,0.53,0.09,12.4,9,271,1.02,1,1,361.84,9,3.68,5.21,5.06,21.24,5.95,6.58,1.7,51,1
20,Male,8248,8.19,29,10,6.21,0.45,2.35,8,7.35,1.27,3.33,5.52,69.59,82.47,6.14,0.86,0.44,0.42,0.74,0.28,6.92,25,344,1.11,9,1,52.35,1,3.37,2.29,4.05,23.19,9.48,6.63,2.08,23,2
47,Female,55299,6.36,9,19,4.68,1.28,0.89,7,3.8,2.66,6.55,8.54,65.72,88.45,3.74,0.28,0.17,0.31,0.45,0.74,6.44,25,255,7.01,9,1,1160.23,0,4.08,8.71,4.48,23.02,7.9,3.68,2.52,11,2
27,Female,57837,1.61,14,13,7.94,3.79,1.33,4,3.83,4.43,5.28,5.44,80.84,64.22,2.36,0.95,0.27,0.61,0.64,0.13,3.75,42,362,1.01,9,1,1063.5,1,2.9,5.07,6.16,27.78,3.11,4.86,2.57,20,6
59,Male,53860,3.94,13,9,7.43,6.21,0.31,6,1.38,5.84,3.86,10.0,72.86,72.7,2.03,0.92,0.5,0.59,0.27,0.78,5.49,17,347,2.72,3,0,282.97,1,8.33,8.13,8.71,20.03,4.14,6.68,4.53,12,10
34,Male,29638,2.8,15,18,7.0,0.33,6.66,7,2.81,4.28,4.65,8.96,57.97,69.26,2.85,0.08,0.5,0.65,0.38,0.49,6.31,39,446,2.13,8,0,160.32,10,6.75,4.53,4.63,28.46,9.03,5.46,5.3,61,1
26,Female,133807,4.49,28,13,8.27,2.37,4.39,6,6.24,4.95,6.92,6.19,59.26,60.2,1.84,0.53,0.3,0.18,0.54,0.7,2.53,23,356,1.36,6,1,428.27,6,7.45,5.88,8.38,20.39,7.1,5.48,4.37,9,2
38,Female,8435,7.19,7,11,6.98,0.19,4.48,9,9.18,3.78,4.98,7.7,57.25,58.98,3.17,0.41,0.12,0.52,0.03,0.56,0.29,35,386,0.61,9,0,787.04,4,0.09,3.37,2.85,24.44,10.4,5.7,6.03,57,9
40,Male,104365,2.99,27,14,8.05,2.39,1.71,8,5.58,4.36,4.5,8.44,100.0,59.06,1.77,0.46,0.06,0.7,0.43,0.42,3.0,36,431,0.66,10,0,1028.8,0,8.28,2.91,6.14,27.93,8.19,5.04,4.23,16,6
35,Male,16175,2.59,24,2,8.57,0.72,0.42,3,6.39,5.47,8.56,3.83,59.84,39.28,2.58,0.66,0.1,0.29,0.3,0.89,7.13,11,115,0.39,7,0,549.13,0,7.59,2.55,6.28,28.58,3.7,6.36,6.29,49,10
26,Female,35565,0.27,16,0,4.4,2.6,0.1,4,4.16,1.32,7.26,5.95,58.07,80.43,0.0,0.72,0.28,0.38,0.39,0.1,2.99,43,65,1.0,9,0,1092.52,8,5.91,6.11,5.42,21.91,5.34,7.04,3.61,73,7
36,Male,88070,6.34,38,11,8.03,0.34,0.83,8,3.53,4.2,5.81,4.02,75.3,60.11,4.61,0.47,0.62,0.04,0.7,0.7,11.69,3,420,1.06,4,0,188.53,7,3.66,4.56,6.06,28.01,12.23,5.65,3.1,96,8
14,Other,67467,0.44,32,22,6.96,4.48,0.12,8,5.59,0.75,5.73,6.72,57.96,72.16,0.3,0.19,0.44,0.41,0.3,0.38,4.66,34,204,1.83,6,0,42.53,6,0.0,3.64,3.89,25.83,6.28,3.58,2.61,67,4
57,Male,86420,2.04,17,10,7.87,0.12,0.66,2,0.0,3.21,3.7,6.35,53.05,84.89,1.2,0.69,0.13,0.3,0.34,0.75,6.79,33,154,1.09,4,0,587.32,9,7.72,3.27,10.0,23.0,2.62,5.54,9.18,58,7
38,Female,113019,3.83,11,6,9.46,1.19,2.1,6,2.51,9.31,6.53,5.43,100.0,84.81,0.81,0.48,0.32,0.38,0.56,0.39,8.67,19,262,0.81,1,0,2129.77,5,4.13,3.7,7.69,28.3,4.95,4.69,6.7,19,6
26,Female,37021,5.09,24,21,4.49,1.14,0.03,8,3.13,4.27,7.77,5.7,66.02,64.84,3.13,0.95,0.29,0.31,0.49,0.72,7.1,1,200,2.64,1,1,158.82,3,9.52,4.72,4.27,24.19,5.17,7.95,3.6,88,4
19,Male,18673,0.69,6,20,7.51,0.73,1.58,6,6.53,6.71,4.57,5.69,71.62,71.59,1.78,0.6,0.46,0.45,0.29,0.21,4.97,16,159,0.11,4,1,419.4,2,5.59,8.28,7.97,23.66,2.92,8.92,1.72,57,6
15,Male,75740,5.28,15,7,4.09,1.76,1.99,3,6.98,5.28,2.24,7.14,76.95,61.44,4.49,0.8,0.19,0.41,0.95,0.47,8.1,43,259,1.63,10,0,176.57,7,6.31,6.41,10.0,19.45,11.09,7.35,4.21,2,2
59,Male,25863,6.53,12,4,7.56,0.51,1.03,4,0.35,5.33,5.3,4.29,67.54,81.42,4.03,0.21,0.14,0.23,0.44,0.33,6.15,4,299,0.95,4,1,2092.93,5,5.0,8.89,8.31,25.48,15.04,5.66,7.74,81,2
35,Male,100602,1.0,38,15,4.37,0.27,0.02,1,6.15,4.63,5.84,9.33,52.36,100.0,0.37,0.88,0.03,0.43,0.43,0.34,0.31,10,415,1.91,4,1,305.7,3,7.7,1.2,2.31,31.69,1.83,5.71,5.79,68,1
58,Male,139277,2.25,8,20,7.49,0.05,1.67,1,6.13,0.93,6.83,7.49,74.85,54.72,0.99,0.24,0.05,0.38,0.16,0.42,16.27,35,15,4.83,5,1,166.85,10,4.7,3.99,5.72,21.31,6.54,6.04,4.86,86,2
55,Female,8031,3.97,3,11,8.83,0.66,3.28,8,5.59,2.28,7.58,3.28,73.81,81.78,2.87,0.41,0.16,0.76,0.9,0.29,3.38,36,302,1.19,2,1,18.58,5,5.18,4.19,5.78,28.9,10.9,5.26,2.15,55,1
59,Male,106660,4.82,35,5,4.6,7.04,2.48,4,4.7,1.68,6.68,7.57,62.86,63.81,4.53,0.57,0.35,0.6,0.47,0.64,7.64,26,457,6.02,4,0,246.24,7,4.9,5.15,7.98,23.85,8.4,6.04,4.86,69,2
57,Female,97373,1.66,17,20,4.55,0.05,2.79,8,6.31,3.8,4.91,8.62,59.67,85.1,1.13,0.87,0.07,0.51,0.77,0.82,1.65,6,219,3.16,4,0,204.08,6,6.22,4.18,7.24,24.55,6.62,7.11,6.37,23,7
30,Female,65449,5.55,14,15,6.1,0.13,10.7,10,3.72,2.61,4.21,6.37,93.21,49.75,2.79,0.88,0.33,0.54,0.19,0.9,4.05,22,372,1.34,10,1,342.14,6,6.16,1.26,3.47,27.8,6.67,5.72,5.48,26,5
50,Female,136824,4.72,15,3,6.85,0.71,1.19,1,4.93,6.15,8.41,7.17,79.44,44.24,3.34,0.34,0.17,0.48,0.43,0.87,10.54,40,7,2.78,1,1,168.39,7,5.9,4.69,7.0,25.39,10.18,7.21,3.96,96,3
47,Female,133452,0.72,3,22,4.87,5.75,4.28,6,3.23,4.78,7.28,7.01,70.1,89.22,0.27,0.79,0.3,0.65,0.59,0.17,5.73,6,83,4.98,4,0,13.96,3,3.76,1.39,8.53,26.07,8.15,5.03,6.23,96,6
27,Female,84896,1.95,35,4,9.52,1.29,0.07,1,5.76,5.59,3.37,7.28,86.4,46.95,0.0,0.29,0.16,0.43,0.33,0.28,4.95,33,274,4.54,0,1,257.21,8,3.2,6.72,5.53,26.6,8.59,5.86,3.38,26,8
37,Male,44902,4.39,16,19,8.04,2.34,4.71,10,5.17,1.6,2.04,5.57,79.57,90.62,1.98,0.2,0.01,0.55,0.57,0.35,9.49,14,183,1.74,4,1,203.69,10,5.68,5.85,6.52,20.69,7.96,2.15,3.83,33,1
49,Male,50715,5.44,17,13,9.29,1.31,0.16,10,8.05,4.4,6.53,4.15,100.0,62.32,5.98,0.45,0.37,0.44,0.52,0.69,5.33,41,234,1.73,4,0,727.58,7,4.3,3.33,2.55,23.75,6.08,5.41,2.04,46,10
40,Male,126554,0.82,34,7,8.18,0.3,5.45,10,6.41,5.58,5.69,4.71,67.37,62.96,1.06,0.21,0.17,0.55,0.75,0.48,1.11,34,411,1.47,5,1,102.38,2,7.52,8.99,4.49,19.46,2.88,5.52,3.38,89,4
22,Female,33001,0.95,1,11,6.17,4.16,1.85,3,3.13,7.09,4.99,9.06,51.44,85.55,1.4,0.33,0.1,0.66,0.41,0.49,7.5,14,398,1.33,10,1,254.26,1,6.03,3.38,3.35,30.28,11.16,7.13,2.18,72,1
51,Male,45252,5.22,28,12,9.62,6.77,6.67,9,7.13,5.04,5.17,7.13,74.0,78.57,3.81,0.33,0.2,0.17,0.34,0.42,13.23,42,308,1.0,9,1,7.97,3,4.11,2.6,8.35,21.61,9.42,1.31,3.33,27,8
29,Female,60878,4.79,14,23,7.75,1.13,0.59,5,4.97,5.74,7.73,9.96,68.6,48.69,5.28,0.45,0.33,0.48,0.55,0.56,2.1,44,114,1.59,5,1,32.78,8,7.41,6.01,4.43,35.82,6.14,3.67,1.29,31,2
51,Female,107283,6.74,32,14,4.29,0.55,5.6,5,5.03,1.19,8.18,6.07,49.47,76.13,3.48,0.15,0.29,0.68,0.58,0.28,3.68,14,492,2.54,6,1,60.54,6,5.03,5.83,10.0,26.02,10.56,5.77,2.76,40,6
34,Female,79123,5.51,9,17,7.61,0.1,0.2,1,4.64,10.0,6.08,4.71,74.69,72.25,3.35,0.72,0.18,0.3,0.43,0.5,11.43,2,162,1.49,0,0,1281.38,0,3.6,5.65,7.25,22.75,7.48,6.07,1.59,18,3
38,Male,113095,2.45,38,11,6.86,2.86,2.28,6,1.91,5.46,3.9,4.72,61.33,66.8,0.79,0.45,0.21,0.35,0.13,0.15,4.85,42,64,0.89,6,1,494.97,1,8.52,2.57,5.33,22.04,9.08,7.46,6.83,18,2
56,Female,14587,12.87,29,13,6.44,0.34,1.15,6,4.7,6.85,6.36,5.98,73.2,77.32,8.46,0.21,0.13,0.85,0.28,0.02,10.41,11,257,2.04,7,1,678.1,5,3.28,5.85,6.11,24.86,17.96,7.1,3.27,62,7
37,Male,61999,0.61,26,3,5.48,1.78,1.01,4,1.81,3.7,7.11,7.24,40.87,89.15,0.91,0.33,0.38,0.11,0.49,0.31,0.59,4,465,2.97,10,1,419.43,5,7.24,5.78,4.86,29.46,5.24,5.15,3.42,5,7
29,Female,132922,15.77,30,14,8.19,5.1,0.85,10,2.14,6.87,5.94,6.96,74.96,66.08,10.0,0.32,0.5,0.44,0.13,0.63,13.73,33,269,1.96,10,0,894.83,8,5.79,1.18,5.78,26.1,18.45,4.26,5.6,69,1
25,Male,32774,2.61,29,16,8.28,1.42,0.96,1,5.81,3.75,5.53,9.09,37.73,76.62,2.08,0.07,0.21,0.49,0.54,0.65,6.22,6,407,2.13,4,0,934.71,6,5.1,4.94,5.85,17.04,3.82,0.48,5.43,43,6
32,Female,54567,8.79,20,16,7.21,0.72,2.6,5,4.89,2.02,6.03,3.13,82.6,59.6,7.01,0.7,0.43,0.78,0.39,0.52,4.65,33,460,1.0,5,0,125.77,1,3.77,4.68,7.07,25.54,10.96,3.33,7.15,85,7
37,Male,39627,0.72,9,21,8.6,2.37,0.16,1,5.5,5.74,4.7,9.9,59.58,57.83,1.03,0.61,0.13,0.36,0.41,0.12,11.06,5,190,0.27,0,1,710.17,6,3.81,5.1,3.92,29.52,6.07,8.24,2.95,14,2
16,Female,92685,4.27,38,3,7.09,3.75,1.86,4,4.54,7.46,5.32,4.33,75.38,89.46,1.26,0.78,0.13,0.06,0.73,0.62,2.9,30,122,0.85,9,0,52.27,10,8.16,4.5,7.45,29.11,8.31,1.31,0.36,79,3
22,Male,21684,4.04,24,12,6.57,7.0,2.64,8,7.55,5.18,5.91,8.31,77.92,75.37,1.69,0.3,0.1,0.12,0.72,0.1,5.09,37,266,2.0,10,0,486.09,8,1.13,8.29,9.86,29.04,9.07,6.26,4.54,14,8
15,Male,43043,3.22,5,7,5.43,1.75,1.88,8,4.63,7.1,4.58,6.94,67.06,66.62,0.21,0.06,0.33,0.24,0.44,0.41,1.85,28,254,4.18,7,0,1761.97,9,5.22,5.97,1.52,21.04,5.11,7.74,1.61,45,4
53,Female,79080,2.15,20,7,5.19,0.59,10.72,7,5.87,5.29,5.47,6.56,65.17,80.59,1.68,0.28,0.56,0.38,0.37,0.69,11.27,48,122,4.33,1,1,453.25,3,3.59,4.58,4.41,22.88,8.22,0.92,7.55,10,6
57,Female,78625,2.71,9,17,8.03,12.08,2.97,1,5.21,7.05,7.47,4.81,77.57,100.0,1.51,0.52,0.26,0.6,0.14,0.57,2.8,9,293,0.83,5,1,631.92,6,1.79,5.36,7.05,22.49,6.45,7.9,4.18,30,8
30,Male,66755,2.08,22,20,4.83,1.08,1.64,7,6.79,5.21,9.54,7.28,72.01,78.06,2.57,0.43,0.23,0.39,0.78,0.54,3.71,43,352,4.86,3,1,1544.49,9,7.86,2.44,6.98,25.94,7.57,3.85,2.35,0,9
59,Female,93051,9.14,2,15,4.55,0.11,0.42,6,2.58,4.31,2.51,5.48,54.31,77.08,6.1,0.33,0.67,0.61,0.24,0.39,2.21,35,166,0.68,5,0,177.08,4,4.82,5.86,5.9,24.38,13.03,2.53,5.43,54,5
48,Male,142216,6.63,1,23,7.48,6.91,1.47,6,4.79,8.86,2.7,7.01,63.85,69.42,4.15,0.47,0.23,0.27,0.8,0.61,10.16,23,31,0.56,4,1,769.29,2,3.07,5.65,6.34,24.06,8.01,4.8,4.93,14,9
59,Male,69081,2.29,12,22,7.9,1.44,0.82,5,5.18,2.6,9.05,6.2,33.66,70.17,0.26,0.29,0.1,0.27,0.25,0.75,5.79,33,33,0.44,1,1,379.15,4,7.45,9.57,8.21,27.58,6.87,5.52,3.56,82,6
34,Male,47135,2.85,16,13,8.72,2.38,3.75,6,1.77,1.5,8.18,5.56,58.14,100.0,1.23,0.33,0.22,0.57,0.03,0.5,4.77,23,387,2.14,8,1,137.3,8,5.12,7.02,3.35,17.87,13.22,7.53,3.76,96,1
46,Female,134554,13.32,25,15,7.22,2.66,0.93,6,3.97,5.51,4.38,7.6,56.91,68.57,9.96,0.03,0.13,0.41,0.44,0.92,2.62,16,85,0.35,3,0,570.36,10,6.85,5.19,7.14,22.42,18.13,6.2,3.7,48,6
59,Male,67926,0.76,7,13,6.41,0.17,0.06,4,4.78,0.0,6.59,6.15,71.45,100.0,0.0,0.81,0.08,0.9,0.84,0.28,12.06,35,194,3.48,6,1,283.25,0,4.78,5.91,5.41,30.42,6.57,2.33,6.95,70,6
20,Female,103189,3.5,18,9,7.27,1.32,3.37,5,1.82,5.16,4.15,5.68,55.91,86.36,3.59,0.63,0.17,0.1,0.82,0.75,6.37,2,94,1.04,8,1,1008.76,3,3.79,8.08,7.87,27.92,9.23,7.51,5.8,65,7
52,Male,122525,5.85,1,15,5.59,0.45,8.2,7,4.7,2.14,4.98,6.37,94.47,100.0,3.8,0.75,0.1,0.6,0.23,0.52,7.11,4,449,3.67,1,0,523.88,1,8.32,6.2,8.57,22.28,11.36,5.82,5.47,25,10
56,Female,48631,4.14,6,1,4.86,2.24,4.33,8,2.41,4.35,5.08,4.88,89.65,84.66,3.51,0.4,0.34,0.34,0.87,0.19,7.68,11,274,1.54,2,0,370.68,7,6.82,6.8,3.47,30.09,12.05,5.71,7.87,33,1
31,Female,74812,0.91,2,17,5.26,2.08,0.31,6,3.88,10.0,9.84,6.09,52.36,80.06,0.55,0.32,0.2,0.49,0.72,0.96,10.48,48,118,1.74,3,0,159.14,1,5.78,7.98,4.84,25.3,2.33,6.17,0.0,72,4
54,Male,23573,0.44,24,0,5.11,1.84,0.25,10,3.28,0.66,3.48,4.32,77.2,68.34,2.23,0.74,0.19,0.33,0.46,0.31,7.13,7,43,2.22,8,0,1175.17,3,3.28,3.39,6.13,23.64,4.06,3.08,2.83,52,4
53,Female,50771,4.51,31,10,5.5,0.32,0.25,3,5.13,10.0,7.28,5.48,73.23,68.13,3.12,0.55,0.52,0.53,0.81,0.29,7.69,19,351,0.35,7,1,160.16,5,5.37,4.9,3.27,24.98,10.25,4.7,6.31,48,5
49,Female,132371,0.6,3,5,7.98,2.51,0.2,7,4.62,4.75,2.63,4.01,65.83,59.83,0.72,0.55,0.06,0.56,0.37,0.26,10.7,45,357,2.17,9,1,28.16,9,3.39,7.91,4.91,25.43,3.98,6.24,3.53,64,7
18,Other,82685,11.0,21,8,6.79,1.08,2.51,8,2.21,6.77,4.33,2.98,72.27,83.64,7.42,0.38,0.43,0.36,0.55,0.39,6.44,30,54,3.58,5,1,504.8,4,4.12,4.88,1.5,28.55,11.69,4.03,2.77,26,7
38,Male,12908,5.97,27,1,5.66,1.79,0.41,5,0.73,4.45,6.44,8.82,52.52,76.65,3.47,0.2,0.2,0.12,0.28,0.42,9.09,37,483,1.01,6,0,6.62,5,4.87,3.72,5.62,23.0,8.58,5.35,5.76,43,5
46,Female,143339,1.71,36,4,5.87,1.05,3.17,5,3.87,3.35,3.38,2.19,85.08,94.03,1.24,0.63,0.2,0.24,0.22,0.2,7.07,33,296,0.74,5,1,560.36,7,5.15,2.94,5.61,26.35,8.61,4.8,0.73,86,7
57,Female,14044,1.01,29,5,8.74,0.91,0.42,2,5.77,8.96,4.05,4.48,61.48,72.65,1.42,0.58,0.25,0.49,0.22,0.45,2.06,6,342,4.3,9,0,2241.37,9,2.94,3.22,7.76,20.01,3.07,6.57,5.76,38,5
18,Male,129830,2.58,34,2,9.81,1.88,0.35,4,3.59,6.27,3.52,3.67,78.34,52.71,0.0,0.71,0.37,0.22,0.86,0.53,1.0,42,72,3.83,9,1,274.38,0,4.17,2.27,6.97,26.68,9.29,6.36,3.81,40,4
49,Female,46255,5.93,27,11,4.57,7.2,1.96,10,3.04,4.45,6.45,4.48,49.29,63.96,4.37,0.75,0.35,0.17,0.49,0.52,6.09,8,391,0.4,0,0,106.1,1,7.01,6.81,6.53,28.24,10.33,2.27,3.27,87,8
45,Female,135343,13.09,10,19,4.25,3.72,5.49,9,5.96,4.46,7.78,3.94,77.97,64.08,9.77,0.44,0.22,0.51,0.13,0.43,4.82,49,302,1.08,2,1,733.51,1,3.55,4.36,5.58,25.18,16.03,4.0,2.95,55,4
34,Female,132485,0.52,26,17,7.5,0.94,1.43,1,5.04,5.58,6.74,4.46,47.97,82.33,0.55,0.5,0.35,0.74,0.13,0.73,14.38,33,255,1.52,3,0,231.02,3,3.74,6.82,5.25,24.6,2.3,3.76,6.77,85,6
33,Male,121789,13.5,2,21,7.92,1.97,3.41,7,2.45,9.08,2.78,6.8,58.17,82.79,8.25,0.27,0.21,0.38,0.64,0.34,3.67,23,204,0.18,6,0,42.2,1,5.01,4.31,2.92,25.9,13.91,5.05,0.45,81,7
18,Female,66864,5.05,36,14,10.84,0.98,1.28,2,2.62,5.18,4.37,2.81,75.85,78.68,5.49,0.07,0.22,0.05,0.73,0.21,2.84,19,171,5.95,6,1,3175.11,2,8.14,4.49,3.17,22.1,10.29,1.71,4.23,65,10
18,Male,142183,5.82,24,12,8.71,2.54,0.02,10,4.72,5.88,7.76,5.11,54.95,64.96,4.25,0.57,0.17,0.58,0.71,0.76,3.46,24,71,1.65,8,0,141.26,5,4.13,3.65,5.32,24.86,9.92,3.39,4.95,40,2
16,Male,70688,5.71,20,17,5.36,1.45,0.32,3,5.79,4.16,8.4,5.5,79.84,81.02,3.45,0.21,0.21,0.27,0.24,0.76,0.44,35,42,0.61,4,1,74.49,3,4.9,4.67,5.48,30.55,7.44,5.4,3.0,98,7
42,Female,125450,0.69,26,22,8.54,1.66,0.44,1,1.08,4.14,2.83,5.18,64.08,62.07,1.2,0.12,0.05,0.56,0.76,0.49,2.42,44,130,2.28,7,1,2550.86,3,3.35,3.3,7.1,23.72,4.98,3.04,0.47,18,4
23,Male,8751,7.11,6,21,7.95,0.87,1.95,3,5.33,6.85,4.45,3.91,77.82,71.73,4.98,0.73,0.07,0.16,0.62,0.46,20.2,13,46,0.92,5,0,188.65,9,5.85,2.77,6.28,22.25,13.67,2.95,5.0,19,4
42,Female,39496,4.13,39,16,5.79,5.62,1.48,2,9.62,8.3,4.45,3.95,73.44,56.77,2.33,0.81,0.37,0.16,0.49,0.46,1.84,33,458,0.28,7,1,228.7,10,10.0,8.08,4.93,20.17,6.0,1.7,6.08,81,7
43,Female,12868,6.67,23,11,6.75,2.12,1.2,8,1.73,3.47,4.2,7.28,62.6,88.22,4.86,0.39,0.16,0.48,0.24,0.33,2.35,39,465,1.09,1,1,385.88,1,2.55,2.88,9.3,24.13,8.19,6.15,2.77,65,10
36,Male,111091,3.23,27,23,6.39,2.58,3.91,7,5.35,0.0,10.0,5.46,69.45,65.8,2.15,0.4,0.31,0.48,0.33,0.91,4.52,22,487,1.16,2,0,30.54,6,4.02,6.3,5.57,22.31,5.67,3.54,6.22,89,10
21,Female,108713,4.25,7,22,6.7,0.46,0.72,8,2.13,0.43,4.99,3.55,73.18,64.1,4.28,0.38,0.46,0.66,0.84,0.53,1.82,8,142,1.3,9,0,1938.38,7,5.67,2.77,6.16,26.35,12.71,3.3,3.22,75,5
15,Female,118162,2.9,4,18,8.83,0.7,0.71,9,6.17,1.67,4.36,4.37,75.45,79.9,3.08,0.43,0.18,0.41,0.6,0.85,0.73,35,420,5.03,0,0,1237.35,7,9.13,4.85,5.52,29.83,9.43,4.72,6.67,56,8
43,Male,67553,1.71,6,14,4.43,0.29,0.12,10,2.44,2.6,6.6,10.0,60.95,77.66,0.0,0.76,0.28,0.19,0.21,0.28,2.49,43,470,2.61,2,0,37.18,8,3.17,2.69,5.8,24.28,4.51,6.29,5.03,61,6
52,Male,102806,10.29,23,9,6.96,10.47,1.55,8,7.75,6.51,8.59,4.39,56.89,38.56,8.3,0.54,0.28,0.77,0.58,0.36,0.72,43,186,0.59,6,0,544.98,10,1.97,4.94,4.75,18.67,12.33,5.37,5.2,54,4
49,Male,72607,2.74,32,8,5.4,1.36,0.09,2,5.05,2.6,6.2,0.15,65.19,66.04,0.94,0.35,0.22,0.1,0.21,0.17,8.87,38,497,3.6,3,1,994.17,1,4.57,0.35,6.27,24.29,10.07,6.47,0.0,90,10
48,Male,104878,1.9,24,23,6.11,0.76,0.62,10,8.91,6.19,3.4,8.97,83.26,89.24,0.74,0.26,0.26,0.22,0.13,0.33,4.97,6,15,0.44,10,0,566.13,3,5.82,4.76,7.54,23.35,6.84,7.01,5.82,92,4
36,Female,136374,3.9,30,0,8.38,0.33,1.5,2,1.75,5.29,5.37,4.97,69.65,70.81,4.51,0.49,0.24,0.78,0.67,0.78,17.48,48,175,1.1,10,0,409.92,8,4.31,2.45,8.04,24.98,13.65,6.35,4.38,54,5
43,Male,101163,3.46,2,6,4.11,1.79,8.7,6,3.89,4.46,3.88,5.98,77.8,79.43,2.37,0.48,0.36,0.44,0.44,0.85,5.72,7,337,1.67,5,0,153.89,3,6.8,4.5,5.46,20.92,6.22,7.79,7.45,70,2
18,Female,126007,4.95,8,13,8.06,0.91,0.82,8,0.75,9.25,8.08,2.8,75.16,100.0,1.33,0.53,0.08,0.54,0.4,0.61,1.25,47,359,3.86,3,0,188.89,7,4.65,10.0,6.54,26.97,7.73,1.93,4.94,93,1
14,Female,110682,4.42,28,17,7.92,0.35,1.56,5,3.6,6.56,7.06,9.35,64.86,90.14,1.16,0.89,0.67,0.66,0.68,0.44,10.86,28,34,3.36,1,0,42.5,4,6.24,5.66,6.23,22.73,11.22,5.93,2.62,91,6
32,Female,27567,0.4,9,12,7.55,1.25,0.72,10,3.81,7.86,8.35,5.48,84.45,62.31,0.0,0.68,0.47,0.67,0.23,0.29,4.92,14,20,1.6,7,1,2788.99,10,6.75,5.77,7.03,21.58,1.83,5.33,3.1,31,1
40,Male,148493,1.82,6,5,6.61,2.9,5.49,5,4.8,6.09,3.78,2.91,54.73,68.53,2.16,0.48,0.46,0.17,0.36,0.54,4.36,15,3,1.48,7,0,1089.91,0,5.34,7.51,8.36,28.47,7.74,10.0,3.6,26,7
23,Male,50394,3.09,3,15,7.41,2.28,0.51,5,0.85,7.14,6.85,5.51,81.88,91.13,1.66,0.11,0.19,0.25,0.59,0.33,7.23,18,245,1.81,5,1,202.81,3,8.68,9.53,8.52,23.15,9.62,5.75,2.74,63,3
16,Female,51140,4.7,24,5,3.95,1.19,2.28,10,5.43,2.94,6.27,6.53,72.1,52.74,2.68,0.56,0.23,0.09,0.04,0.31,2.34,49,384,0.34,7,0,783.2,0,3.81,7.25,3.85,27.0,8.58,3.44,6.88,11,10
27,Female,147867,1.8,38,24,8.81,3.12,1.15,6,0.29,0.0,5.29,9.02,69.2,61.52,0.72,0.56,0.16,0.14,0.74,0.2,0.25,37,412,0.77,9,0,331.61,0,2.58,2.77,7.92,24.31,9.3,5.31,5.39,29,10
18,Male,26395,1.29,30,3,5.09,1.2,1.43,6,0.0,4.44,5.21,6.67,59.54,93.66,0.0,0.41,0.49,0.28,0.6,0.48,15.86,2,280,0.55,5,0,265.45,6,3.79,7.68,3.98,28.95,4.48,3.62,1.5,64,1
42,Female,23556,1.22,13,4,4.67,1.71,4.39,3,4.55,0.98,6.81,8.41,47.48,85.01,1.2,0.36,0.18,0.48,0.63,0.79,8.72,11,156,1.15,2,1,1833.07,5,8.55,4.07,3.95,24.65,4.96,8.34,8.21,38,5
50,Male,11861,2.43,33,0,4.53,1.26,0.71,1,4.84,1.87,8.04,0.66,64.39,84.29,1.3,0.85,0.3,0.23,0.61,0.64,8.16,40,136,1.5,3,0,487.53,8,5.2,3.77,9.97,19.82,5.09,7.53,6.88,25,3
14,Male,34996,12.36,38,9,6.22,0.31,5.79,10,5.12,10.0,4.74,7.1,90.67,81.74,10.0,0.13,0.44,0.65,0.78,0.53,12.1,8,284,1.96,5,1,1739.67,0,7.48,3.07,7.02,13.8,13.65,5.4,4.25,7,8
27,Male,80242,2.58,25,20,5.44,9.07,4.12,10,6.13,6.81,5.38,3.43,75.38,76.23,1.46,0.22,0.17,0.3,0.81,0.23,6.38,14,362,1.41,3,0,132.94,2,4.22,2.26,5.07,22.22,9.02,6.94,3.17,33,8
23,Male,133004,2.9,31,18,7.19,0.68,1.39,2,10.0,3.8,7.42,7.46,72.04,63.31,1.85,0.77,0.19,0.24,0.89,0.57,5.66,27,222,2.05,8,0,6.62,10,5.78,5.24,5.71,24.68,7.0,4.86,0.67,18,5
20,Female,85337,1.69,36,18,8.46,3.61,6.15,8,3.27,6.76,1.27,2.96,88.2,57.26,3.06,0.3,0.34,0.27,0.46,0.85,3.9,10,163,2.84,4,0,380.59,6,3.23,6.93,5.12,22.17,4.46,8.69,4.32,0,9
38,Male,78049,0.47,11,19,6.45,0.06,5.15,8,5.62,6.15,4.45,4.52,66.77,93.89,1.13,0.82,0.05,0.44,0.71,0.2,2.16,33,466,1.27,2,1,164.96,2,7.97,3.89,4.17,27.16,3.99,4.89,2.87,11,6
57,Female,57526,1.97,19,19,7.18,0.08,0.51,6,5.45,6.39,5.3,7.34,81.82,64.3,0.76,0.16,0.09,0.55,0.59,0.52,3.78,39,424,5.97,10,0,141.62,2,3.31,7.45,4.01,23.53,3.45,5.21,6.32,15,3
56,Male,88830,2.73,14,1,7.39,1.9,0.78,4,10.0,2.57,4.27,6.27,87.59,78.12,1.17,0.64,0.46,0.31,0.17,0.6,6.89,24,303,3.93,7,1,1581.28,7,5.57,4.68,7.84,27.05,4.9,7.73,1.69,92,10
17,Female,126181,1.15,13,18,4.63,2.63,1.69,4,3.4,2.37,3.0,9.1,79.68,51.32,1.42,0.2,0.26,0.2,0.81,0.31,4.34,7,58,4.13,0,1,550.51,3,6.2,3.26,5.77,15.93,3.34,5.55,4.41,51,1
18,Female,70152,3.25,10,13,8.28,0.81,0.38,4,8.06,0.0,9.55,6.22,77.92,53.36,3.77,0.72,0.34,0.32,0.7,0.27,0.8,43,483,0.92,2,1,315.14,1,9.63,4.99,7.81,21.92,5.89,6.39,4.57,17,3
38,Female,103684,0.88,17,5,6.92,1.2,1.76,4,6.57,3.12,7.51,8.52,57.13,54.7,0.0,0.43,0.29,0.61,0.2,0.53,2.56,43,411,0.11,0,1,350.38,3,3.41,3.89,2.61,23.21,6.63,7.38,6.28,11,9
16,Female,38094,2.12,10,20,8.29,2.25,7.78,10,8.63,0.43,4.88,6.82,71.78,82.7,0.65,0.83,0.32,0.14,0.61,0.62,2.3,6,424,2.1,4,0,837.16,0,3.72,6.38,7.29,21.47,6.71,2.34,3.82,4,5
31,Female,94708,5.24,39,18,7.84,0.94,7.28,10,1.84,6.47,6.71,1.48,98.58,47.76,4.51,0.25,0.27,0.43,0.37,0.23,13.92,26,104,0.47,6,1,629.68,10,3.28,1.58,0.68,14.99,6.12,3.28,1.59,20,1
32,Female,77892,2.11,25,14,7.25,2.26,0.92,4,7.09,0.43,0.68,4.5,100.0,87.62,0.33,0.63,0.16,0.49,0.35,0.35,4.26,36,439,1.07,0,0,195.45,5,6.34,7.05,5.69,28.31,4.71,7.6,2.13,65,2
45,Male,70315,1.21,26,16,7.71,1.78,0.94,6,6.27,4.06,4.52,7.44,77.39,62.28,1.91,0.55,0.37,0.15,0.59,0.39,6.58,36,153,0.51,2,0,499.39,0,4.33,5.11,5.21,26.79,6.13,2.94,2.94,84,8
32,Female,5181,9.73,23,20,6.28,5.98,4.38,1,4.54,7.67,5.29,6.02,67.28,74.57,6.16,0.63,0.15,0.83,0.91,0.72,0.9,32,159,3.87,8,0,399.23,4,6.39,6.19,6.71,17.42,12.68,7.83,2.34,53,2
24,Male,125641,3.5,11,24,7.81,0.54,1.91,2,6.28,4.75,8.45,1.32,87.16,83.18,1.56,0.2,0.04,0.19,0.27,0.4,2.03,7,25,1.09,2,1,50.78,3,5.31,9.8,7.34,28.41,5.42,4.13,5.06,64,8
59,Male,81492,6.42,1,0,7.21,1.11,1.03,9,4.9,3.99,7.31,5.98,77.27,46.93,4.63,0.67,0.45,0.36,0.49,0.38,5.84,32,178,2.31,8,1,255.09,10,5.11,4.56,5.97,29.54,6.9,5.82,3.56,34,3
13,Male,149652,1.78,11,8,5.94,2.65,1.58,1,2.43,10.0,7.6,5.06,73.46,86.97,2.89,0.27,0.26,0.31,0.29,0.47,7.23,48,143,0.98,10,0,911.43,9,2.88,3.21,4.51,30.07,1.97,1.67,2.67,80,1
38,Female,118818,2.21,9,7,8.6,5.64,1.98,9,5.93,6.5,6.04,5.07,62.87,60.33,0.0,0.42,0.45,0.55,0.47,0.28,1.2,36,249,2.53,10,0,687.45,7,5.92,6.9,2.3,24.44,6.52,5.53,5.56,83,5
26,Male,63989,9.37,3,8,6.67,3.26,3.97,3,5.44,0.44,8.11,6.02,57.19,100.0,6.67,0.75,0.32,0.61,0.44,0.32,1.86,10,284,0.47,10,0,229.86,1,6.11,6.95,7.52,20.54,10.88,7.39,3.86,29,6
50,Other,138697,2.42,32,16,6.13,4.17,8.99,1,7.02,0.0,3.81,6.73,45.56,63.33,3.32,0.58,0.23,0.34,0.68,0.37,2.96,39,397,4.22,7,0,219.77,10,2.84,5.54,7.1,23.91,7.31,5.63,3.7,53,4
49,Male,40719,11.76,32,16,6.38,0.87,0.19,7,3.56,4.29,4.49,5.31,72.64,49.77,7.5,0.53,0.72,0.33,0.34,0.21,1.09,38,186,1.64,8,1,74.01,2,3.15,5.81,7.12,22.4,14.84,7.98,4.48,80,7
23,Male,43349,2.27,34,11,6.2,0.44,0.42,5,5.18,9.73,6.09,3.85,82.37,87.12,1.17,0.62,0.28,0.64,0.74,0.24,4.36,42,89,1.0,6,1,891.04,7,5.4,5.4,7.83,21.51,5.4,4.7,3.88,94,5
48,Male,94328,3.68,39,0,7.15,2.13,0.39,10,4.68,7.56,3.2,6.02,78.94,80.8,2.15,0.67,0.26,0.48,0.91,0.6,10.94,47,428,5.35,1,0,447.58,5,8.53,6.26,6.6,24.25,15.08,2.91,6.09,89,7
25,Female,35784,1.78,19,12,5.46,1.69,1.26,10,5.7,1.31,5.42,5.36,60.65,75.66,0.27,0.48,0.24,0.38,0.55,0.68,12.09,4,170,0.67,2,1,43.39,9,5.7,5.99,3.49,26.25,8.71,4.95,4.19,20,6
55,Female,107168,8.19,22,17,7.08,0.23,0.21,3,5.55,4.07,5.0,9.96,52.69,84.97,6.13,0.61,0.38,0.18,0.07,0.26,6.06,13,67,0.19,8,0,97.88,7,5.54,5.05,4.78,26.48,10.36,4.87,4.23,90,8
15,Female,145364,14.74,1,16,5.7,5.85,2.26,4,5.14,6.21,3.46,5.12,54.5,56.47,10.0,0.34,0.25,0.47,0.44,0.68,1.82,39,149,1.42,1,1,20.12,6,4.14,7.14,5.64,21.51,20.26,5.43,6.16,27,4
45,Male,132246,0.65,9,11,6.52,0.65,0.45,7,6.93,6.8,8.59,3.94,77.02,57.08,1.61,0.91,0.19,0.34,0.51,0.3,4.53,20,119,2.69,10,1,130.54,4,7.69,3.76,7.84,21.09,1.05,8.69,5.63,28,5
18,Female,62642,1.32,9,9,7.27,1.93,1.1,1,2.15,5.0,3.3,3.84,59.57,79.06,1.52,0.48,0.27,0.55,0.82,0.11,3.09,49,451,0.69,3,1,235.94,6,2.46,4.38,5.85,27.25,3.69,6.65,3.72,85,1
22,Female,75546,1.35,18,10,8.71,5.01,0.11,6,5.68,8.97,3.27,8.67,60.15,73.95,1.5,0.45,0.2,0.37,0.26,0.35,3.71,40,256,1.86,10,1,1299.02,4,3.46,5.39,6.41,25.38,6.5,2.9,5.93,44,1
17,Male,56783,9.1,3,9,6.43,1.14,4.56,4,4.32,8.47,1.22,5.21,72.24,54.82,6.99,0.36,0.12,0.38,0.71,0.44,0.89,0,96,1.7,4,1,697.62,0,4.46,3.52,5.77,26.74,11.86,6.91,3.15,57,4
35,Female,142872,1.1,8,13,7.69,2.59,1.16,2,6.99,3.0,7.89,4.31,70.96,82.9,0.0,0.19,0.12,0.77,0.67,0.61,1.37,25,302,2.36,8,0,525.94,5,7.81,2.34,6.21,16.96,1.52,1.76,2.44,62,5
22,Male,61358,8.83,4,7,7.24,2.12,0.61,9,5.44,6.93,6.64,6.25,75.69,85.63,7.7,0.76,0.32,0.2,0.75,0.49,1.31,6,310,2.06,1,1,312.91,5,7.82,3.52,5.69,30.58,12.64,3.77,2.7,20,3
56,Male,113064,2.78,7,6,2.98,0.5,1.92,8,1.96,6.96,6.22,5.96,43.55,97.15,1.11,0.12,0.23,0.68,0.76,0.67,6.94,18,261,1.87,5,1,107.09,10,4.36,4.64,5.78,27.63,6.18,6.99,2.37,62,4
14,Male,19114,6.94,7,19,8.78,0.01,2.22,5,3.76,3.55,6.54,5.17,57.95,54.38,4.2,0.34,0.39,0.65,0.01,0.47,8.83,26,63,1.75,4,1,156.63,2,5.74,2.11,6.31,23.11,11.75,4.45,4.24,45,10
25,Female,17762,8.24,12,20,7.43,0.64,0.99,8,8.65,9.86,5.63,8.15,74.75,78.3,6.13,0.1,0.25,0.27,0.52,0.6,7.58,2,395,2.72,3,0,367.44,1,5.22,9.42,9.58,17.64,10.83,3.05,1.17,4,5
52,Female,127877,2.72,17,6,9.03,0.38,1.18,10,4.55,6.54,3.89,5.28,67.16,65.63,1.42,0.66,0.17,0.37,0.04,0.09,4.59,19,315,5.43,6,0,780.08,8,3.39,4.63,5.48,22.39,11.14,6.05,5.01,53,8
14,Female,149011,7.56,20,6,6.67,1.35,1.07,6,4.94,5.66,6.15,5.75,84.19,48.39,6.04,0.72,0.17,0.22,0.86,0.17,3.57,22,147,0.99,10,1,700.19,8,7.05,5.78,7.13,21.25,11.14,5.09,3.51,68,7
32,Male,96479,1.08,27,14,7.86,0.68,0.99,4,5.81,2.51,5.95,7.06,92.55,84.15,0.0,0.12,0.48,0.07,0.7,0.42,14.02,2,138,0.93,2,1,562.17,1,4.52,5.52,5.87,24.15,5.18,1.11,0.11,99,10
13,Female,40983,7.85,5,1,6.5,0.34,0.94,3,6.49,4.66,10.0,6.03,45.0,62.18,6.23,0.83,0.44,0.09,0.51,0.92,12.89,8,350,0.52,7,1,265.36,5,3.87,2.22,5.95,18.22,8.49,4.9,5.81,88,10
